{"accuracy":{"0":0.7033898234,"1":0.7641242743,"2":0.7697740197,"3":0.7867231369,"4":0.7937853336,"5":0.8234463334,"6":0.8121469021,"7":0.8389830589,"8":0.8403954506,"9":0.8460451961,"10":0.8545197845,"11":0.87005651,"12":0.8714689016,"13":0.87005651,"14":0.8615819216,"15":0.8940678239,"16":0.8870056272,"17":0.8742938042,"18":0.8870056272,"19":0.8870056272,"20":0.8841807842,"21":0.8855932355,"22":0.8870056272,"23":0.8997175097,"24":0.87994349,"25":0.882768333,"26":0.8997175097,"27":0.8997175097,"28":0.9124293923,"29":0.9039548039,"30":0.8954802155,"31":0.9067796469,"32":0.9096045494,"33":0.901129961,"34":0.8855932355,"35":0.8926553726,"36":0.9053672552},"auc":{"0":0.7486484051,"1":0.8101968169,"2":0.828365922,"3":0.8656535745,"4":0.8875322938,"5":0.8990581632,"6":0.9070799351,"7":0.9119665623,"8":0.9212759733,"9":0.9291051626,"10":0.9268759489,"11":0.9456513524,"12":0.9437900782,"13":0.9431127906,"14":0.9442868233,"15":0.9546507001,"16":0.9596979022,"17":0.9507395625,"18":0.9532969594,"19":0.9630932808,"20":0.9523016214,"21":0.9585427642,"22":0.9484044313,"23":0.9570525289,"24":0.957703948,"25":0.9632868171,"26":0.9647770524,"27":0.968277216,"28":0.9705024958,"29":0.9685066342,"30":0.9648608565,"31":0.970897615,"32":0.9720745683,"33":0.9642932415,"34":0.9559593201,"35":0.9625976086,"36":0.9666233659},"loss":{"0":0.6164472103,"1":0.5612897277,"2":0.5294330716,"3":0.4842041731,"4":0.4525055587,"5":0.4292087555,"6":0.4077474773,"7":0.3989184499,"8":0.3766506612,"9":0.362162441,"10":0.3572456539,"11":0.3196499348,"12":0.318256259,"13":0.3188841939,"14":0.3157832623,"15":0.2947747111,"16":0.2789742351,"17":0.2966242433,"18":0.2853243947,"19":0.2607414424,"20":0.2817018032,"21":0.2684788406,"22":0.2981313169,"23":0.2748829424,"24":0.2720685303,"25":0.2546889186,"26":0.2484592944,"27":0.2358277142,"28":0.2285214812,"29":0.2329490185,"30":0.2415749133,"31":0.2245272845,"32":0.2189047635,"33":0.2422010303,"34":0.2709602416,"35":0.2497522235,"36":0.2352917343},"val_accuracy":{"0":0.2183908075,"1":0.2183908075,"2":0.2183908075,"3":0.2183908075,"4":0.2183908075,"5":0.2183908075,"6":0.5057471395,"7":0.7816091776,"8":0.7816091776,"9":0.7816091776,"10":0.7931034565,"11":0.7413793206,"12":0.7816091776,"13":0.8045976758,"14":0.8160919547,"15":0.7816091776,"16":0.7816091776,"17":0.8678160906,"18":0.8218390942,"19":0.6724137664,"20":0.4827586114,"21":0.8563218117,"22":0.7816091776,"23":0.7816091776,"24":0.7816091776,"25":0.8045976758,"26":0.8390804529,"27":0.712643683,"28":0.8045976758,"29":0.7816091776,"30":0.7816091776,"31":0.7643678188,"32":0.8160919547,"33":0.7816091776,"34":0.7183908224,"35":0.8333333135,"36":0.7816091776},"val_auc":{"0":0.2711058259,"1":0.2763905525,"2":0.2960430682,"3":0.2862333059,"4":0.2827982605,"5":0.2883141935,"6":0.5049048066,"7":0.8491214514,"8":0.8382878304,"9":0.9056017399,"10":0.9053705931,"11":0.8822994232,"12":0.9043136239,"13":0.8967168927,"14":0.9159069657,"15":0.891266942,"16":0.7816091776,"17":0.926592052,"18":0.9215550423,"19":0.7673074007,"20":0.5365966558,"21":0.9281609654,"22":0.919639349,"23":0.7816091776,"24":0.9144206643,"25":0.8822333813,"26":0.923404634,"27":0.7724930644,"28":0.9134628177,"29":0.876701057,"30":0.8860483766,"31":0.864050746,"32":0.8968489766,"33":0.7816091776,"34":0.7984542251,"35":0.9137600064,"36":0.9066587687},"val_loss":{"0":1.2441174984,"1":1.0571269989,"2":0.7855086923,"3":0.9891303778,"4":1.1409689188,"5":1.2018043995,"6":0.7489494085,"7":0.9509658217,"8":1.0913997889,"9":0.4617697299,"10":0.3855345845,"11":0.4482408166,"12":0.8073081374,"13":0.4729435742,"14":0.3693397641,"15":1.0118951797,"16":1.8909111023,"17":0.3460616767,"18":0.4014523029,"19":0.5764791369,"20":0.966748476,"21":0.3521535993,"22":0.6564345956,"23":3.0029528141,"24":0.6578332186,"25":0.443739742,"26":0.3791249692,"27":0.7291786671,"28":0.5137845278,"29":0.9152739048,"30":1.0432127714,"31":0.5048866868,"32":0.4365279675,"33":2.6407175064,"34":0.7217978239,"35":0.4430402517,"36":0.6444026232}}