{"accuracy":{"0":0.4678111672,"1":0.716738224,"2":0.7653791308,"3":0.7839770913,"4":0.7896995544,"5":0.7925608158,"6":0.7882689834,"7":0.8154506683,"8":0.8168812394,"9":0.8211731315,"10":0.8326179981,"11":0.8469241858,"12":0.8612303138,"13":0.8755365014,"14":0.8769670725,"15":0.8741058707,"16":0.8841201663,"17":0.8869814277,"18":0.8884119987,"19":0.8912732601,"20":0.8984262943,"21":0.8984262943,"22":0.9170243144,"23":0.8927038908,"24":0.9084406495,"25":0.9055793881,"26":0.9027181864,"27":0.9070100188,"28":0.9113018513,"29":0.9027181864,"30":0.912732482,"31":0.9213161469,"32":0.912732482,"33":0.9027181864,"34":0.9313304424,"35":0.9298998713,"36":0.9170243144,"37":0.9213161469,"38":0.9256080389,"39":0.9184549451,"40":0.9170243144,"41":0.9341917038,"42":0.9356223345,"43":0.9427753687},"auc":{"0":0.4482860267,"1":0.7608671784,"2":0.8319333792,"3":0.8445522189,"4":0.8557196259,"5":0.8702489138,"6":0.8817409277,"7":0.8973599672,"8":0.9058924913,"9":0.917067349,"10":0.9180476665,"11":0.9260644913,"12":0.936177969,"13":0.9436717629,"14":0.9458647966,"15":0.9395590425,"16":0.9520825744,"17":0.9544289708,"18":0.952383399,"19":0.9575328827,"20":0.9636881948,"21":0.9619178176,"22":0.9675860405,"23":0.9592182636,"24":0.9652907252,"25":0.9638723135,"26":0.9660356641,"27":0.9689071774,"28":0.9736328721,"29":0.9718902111,"30":0.9739521146,"31":0.974717617,"32":0.9738477468,"33":0.9733003974,"34":0.9787096381,"35":0.9745989442,"36":0.9759025574,"37":0.9738824964,"38":0.9763365388,"39":0.9771992564,"40":0.9711564183,"41":0.9799191952,"42":0.9810765982,"43":0.9826207161},"loss":{"0":0.7217518091,"1":0.6227053404,"2":0.5436108708,"3":0.5080250502,"4":0.4832696915,"5":0.4623375833,"6":0.4424234927,"7":0.4158469737,"8":0.4000109136,"9":0.3790475428,"10":0.3725875318,"11":0.3570699096,"12":0.3378968537,"13":0.319467932,"14":0.3080469668,"15":0.3207783401,"16":0.2911157906,"17":0.2827916145,"18":0.2865501344,"19":0.2701398134,"20":0.2517783046,"21":0.2561894357,"22":0.2363609374,"23":0.2605516315,"24":0.2431469411,"25":0.2444973886,"26":0.2391252667,"27":0.2319352925,"28":0.2153163105,"29":0.2217452675,"30":0.2118021846,"31":0.2101752758,"32":0.2076843828,"33":0.2134786397,"34":0.1931666434,"35":0.2063323855,"36":0.2027180493,"37":0.2069902569,"38":0.1992631555,"39":0.1954836398,"40":0.2156451344,"41":0.1825603247,"42":0.1792656481,"43":0.1720935404},"val_accuracy":{"0":0.7486338615,"1":0.72131145,"2":0.72131145,"3":0.72131145,"4":0.2841530144,"5":0.2786885202,"6":0.2786885202,"7":0.2786885202,"8":0.2786885202,"9":0.6229507923,"10":0.2841530144,"11":0.7704917789,"12":0.4699453413,"13":0.3770491779,"14":0.2786885202,"15":0.5355191231,"16":0.7486338615,"17":0.7267759442,"18":0.2786885202,"19":0.5464481115,"20":0.2786885202,"21":0.72131145,"22":0.7868852615,"23":0.3224043846,"24":0.6284152865,"25":0.72131145,"26":0.72131145,"27":0.72131145,"28":0.7759562731,"29":0.6174863577,"30":0.4207650125,"31":0.431694001,"32":0.72131145,"33":0.2786885202,"34":0.72131145,"35":0.3879781365,"36":0.72131145,"37":0.72131145,"38":0.8087431788,"39":0.72131145,"40":0.2841530144,"41":0.2786885202,"42":0.72131145,"43":0.7650273442},"val_auc":{"0":0.797545433,"1":0.6918987632,"2":0.6915704012,"3":0.7024695277,"4":0.3597151339,"5":0.3638209701,"6":0.3672250807,"7":0.3793484569,"8":0.4240048826,"9":0.7148765326,"10":0.3864254057,"11":0.8610290289,"12":0.563602984,"13":0.4602705538,"14":0.3777957261,"15":0.6328197122,"16":0.8654184937,"17":0.8249126673,"18":0.3790796995,"19":0.6410612464,"20":0.3662695289,"21":0.8903222084,"22":0.8762279153,"23":0.435366869,"24":0.699154973,"25":0.72131145,"26":0.816447258,"27":0.72131145,"28":0.9047148228,"29":0.708337009,"30":0.515184164,"31":0.4905790091,"32":0.7395563126,"33":0.3744812012,"34":0.7331362963,"35":0.4857266545,"36":0.72131145,"37":0.7252530456,"38":0.897115469,"39":0.72131145,"40":0.3814983964,"41":0.3856191635,"42":0.72131145,"43":0.8495028019},"val_loss":{"0":0.6771820188,"1":0.66872859,"2":0.6005138755,"3":0.6197014451,"4":0.7281259894,"5":0.9749749303,"6":1.1861828566,"7":1.2765023708,"8":0.8664380908,"9":0.6171422005,"10":1.0862318277,"11":0.5051890612,"12":0.7942938209,"13":0.9897272587,"14":2.598503828,"15":0.8187366128,"16":0.8593211174,"17":0.6123305559,"18":3.306589365,"19":0.8013261557,"20":3.4013221264,"21":0.626932621,"22":0.572253406,"23":1.8231019974,"24":1.1547292471,"25":2.3456618786,"26":1.40495193,"27":7.034406662,"28":0.5756989121,"29":0.8550922275,"30":1.215534091,"31":2.130014658,"32":2.049803257,"33":3.5778648853,"34":2.6751306057,"35":1.4478576183,"36":4.080789566,"37":4.0951600075,"38":0.4166819751,"39":7.2383165359,"40":3.5208132267,"41":3.6621534824,"42":3.9199879169,"43":1.1068751812}}