{"accuracy":{"0":0.5365853906,"1":0.7446197867,"2":0.763271153,"3":0.7718794942,"4":0.7804877758,"5":0.799139142,"6":0.8020086288,"7":0.8249641061,"8":0.8307030201,"9":0.8550932407,"10":0.8479196429,"11":0.8450502157,"12":0.8436154723,"13":0.8593974113,"14":0.883787632,"15":0.8565279841,"16":0.8766140342,"17":0.8780487776,"18":0.883787632,"19":0.879483521,"20":0.9010043144,"21":0.8938307166,"22":0.8981348872,"23":0.8909612894,"24":0.8923959732,"25":0.8981348872,"26":0.8938307166,"27":0.9081779122,"28":0.8967001438,"29":0.899569571,"30":0.8938307166,"31":0.905308485,"32":0.9081779122,"33":0.899569571},"auc":{"0":0.5548055172,"1":0.7903228998,"2":0.8209172487,"3":0.8565094471,"4":0.8715853095,"5":0.8875082731,"6":0.9009220004,"7":0.9071868062,"8":0.922934711,"9":0.9263744354,"10":0.9291655421,"11":0.9351473451,"12":0.9354252219,"13":0.9437834024,"14":0.9462752342,"15":0.9448156357,"16":0.9514470696,"17":0.9536257982,"18":0.9525893927,"19":0.9513255954,"20":0.9597907662,"21":0.9622813463,"22":0.9639136791,"23":0.9622309804,"24":0.9608992338,"25":0.9589602351,"26":0.966258347,"27":0.9701117277,"28":0.9709772468,"29":0.9706612229,"30":0.962411046,"31":0.969435513,"32":0.964880228,"33":0.9689631462},"loss":{"0":0.6911963224,"1":0.6077821851,"2":0.5605595112,"3":0.512573719,"4":0.4726231098,"5":0.4528004229,"6":0.4185834825,"7":0.4047094584,"8":0.3716135919,"9":0.366161406,"10":0.3525359333,"11":0.3405279219,"12":0.3341422975,"13":0.318823278,"14":0.3089523315,"15":0.3083766103,"16":0.2923324704,"17":0.2857765257,"18":0.2869502902,"19":0.2892535925,"20":0.2691553533,"21":0.260441035,"22":0.2524676025,"23":0.2550187111,"24":0.2600726187,"25":0.2636737823,"26":0.2409804314,"27":0.2280991524,"28":0.2288975716,"29":0.228898868,"30":0.2492546439,"31":0.227623567,"32":0.2456782013,"33":0.2272263765},"val_accuracy":{"0":0.2216216177,"1":0.2216216177,"2":0.2216216177,"3":0.772973001,"4":0.2270270288,"5":0.2216216177,"6":0.8108108044,"7":0.7891891599,"8":0.7783783674,"9":0.8270270228,"10":0.7783783674,"11":0.7837837934,"12":0.8000000119,"13":0.7783783674,"14":0.7783783674,"15":0.7783783674,"16":0.7783783674,"17":0.7783783674,"18":0.8864864707,"19":0.7783783674,"20":0.9027026892,"21":0.7783783674,"22":0.497297287,"23":0.7783783674,"24":0.7783783674,"25":0.7783783674,"26":0.2756756842,"27":0.7783783674,"28":0.7783783674,"29":0.7891891599,"30":0.8918918967,"31":0.8054053783,"32":0.8000000119,"33":0.8108108044},"val_auc":{"0":0.3249087036,"1":0.3115850985,"2":0.3350474834,"3":0.8923301697,"4":0.34394449,"5":0.339284122,"6":0.9054200649,"7":0.8672169447,"8":0.9244995713,"9":0.9152812362,"10":0.8348283768,"11":0.9107962847,"12":0.907494545,"13":0.9130459428,"14":0.917837739,"15":0.7825858593,"16":0.7783783674,"17":0.8769613504,"18":0.9673922062,"19":0.9127830863,"20":0.9644849896,"21":0.901650846,"22":0.5782176852,"23":0.9065594673,"24":0.7783783674,"25":0.7783783674,"26":0.3635938764,"27":0.8078305721,"28":0.7910007238,"29":0.8916873336,"30":0.9530314803,"31":0.9103870988,"32":0.9157633781,"33":0.9270707965},"val_loss":{"0":0.7837961316,"1":0.7812001705,"2":0.765171051,"3":0.559957087,"4":0.8083981276,"5":0.9857723713,"6":0.475451529,"7":0.5396373272,"8":0.4134842455,"9":0.3983965814,"10":1.2795267105,"11":0.4665965438,"12":0.441696167,"13":0.6982386112,"14":0.5566928983,"15":1.5825070143,"16":1.7426453829,"17":1.0424004793,"18":0.2900417745,"19":0.8269589543,"20":0.2625268102,"21":0.6459364891,"22":0.8121425509,"23":0.8567215204,"24":1.816450119,"25":3.5501651764,"26":1.5124689341,"27":1.5093601942,"28":1.6058945656,"29":0.4258423746,"30":0.2771561146,"31":0.5144182444,"32":0.609580934,"33":0.5747597218}}