{"accuracy":{"0":0.5954738259,"1":0.7581329346,"2":0.7637906671,"3":0.772277236,"4":0.7736916542,"5":0.7765204906,"6":0.7920792103,"7":0.8062234521,"8":0.814710021,"9":0.8316831589,"10":0.8401697278,"11":0.8401697278,"12":0.8528995514,"13":0.8670438528,"14":0.8613861203,"15":0.87694484,"16":0.8628005385,"17":0.8599717021,"18":0.8854314089,"19":0.87694484,"20":0.8854314089,"21":0.8854314089,"22":0.8896746635,"23":0.8783592582,"24":0.8925035596,"25":0.87694484,"26":0.8995756507},"auc":{"0":0.6231421828,"1":0.7998025417,"2":0.8061944842,"3":0.8303458691,"4":0.8348912001,"5":0.8566676974,"6":0.8696095943,"7":0.8945401907,"8":0.9007190466,"9":0.9101228714,"10":0.9209852219,"11":0.9254614711,"12":0.9269189835,"13":0.931078136,"14":0.9403789639,"15":0.9453465343,"16":0.9424656034,"17":0.9422665834,"18":0.9483755231,"19":0.9500999451,"20":0.9506471753,"21":0.951146245,"22":0.9561917782,"23":0.9552994967,"24":0.9544802308,"25":0.9595447779,"26":0.9611202478},"loss":{"0":0.6753433347,"1":0.5926294923,"2":0.5572965145,"3":0.531060338,"4":0.5119119883,"5":0.4893860221,"6":0.4700892866,"7":0.4358804822,"8":0.4200820625,"9":0.3981368542,"10":0.3758555353,"11":0.3599863052,"12":0.3567400575,"13":0.3454729319,"14":0.3261191845,"15":0.3129058778,"16":0.3149750829,"17":0.3185462952,"18":0.2971629202,"19":0.2912911773,"20":0.2891945541,"21":0.2862527072,"22":0.274612546,"23":0.2742033005,"24":0.2780162096,"25":0.2639369667,"26":0.2557973862},"val_accuracy":{"0":0.2342857122,"1":0.2457142919,"2":0.7657142878,"3":0.4114285707,"4":0.3714285791,"5":0.3428571522,"6":0.8057143092,"7":0.291428566,"8":0.7657142878,"9":0.7657142878,"10":0.7657142878,"11":0.862857163,"12":0.862857163,"13":0.7714285851,"14":0.7771428823,"15":0.7942857146,"16":0.7771428823,"17":0.8114285469,"18":0.7657142878,"19":0.7771428823,"20":0.8457142711,"21":0.7657142878,"22":0.7657142878,"23":0.862857163,"24":0.8171428442,"25":0.7657142878,"26":0.8571428657},"val_auc":{"0":0.3209142685,"1":0.3163428605,"2":0.7316571474,"3":0.4052571356,"4":0.39209795,"5":0.402399987,"6":0.8899754882,"7":0.3684408069,"8":0.88741225,"9":0.8917223215,"10":0.9038367867,"11":0.9318040013,"12":0.9267265201,"13":0.8966857195,"14":0.9040654302,"15":0.9104979634,"16":0.8433306217,"17":0.907510221,"18":0.7744653225,"19":0.872946918,"20":0.9297469258,"21":0.8800652623,"22":0.7744653225,"23":0.9282611609,"24":0.9300734997,"25":0.7819754481,"26":0.9234939218},"val_loss":{"0":1.0532356501,"1":0.723500073,"2":0.6103838682,"3":0.7085882425,"4":0.7095618844,"5":0.7370921373,"6":0.5681693554,"7":0.8227431774,"8":0.5659694672,"9":0.5586053729,"10":0.6492802501,"11":0.3609219491,"12":0.3520576656,"13":0.5220532417,"14":0.5157749057,"15":0.387771517,"16":0.4901659787,"17":0.3922092021,"18":2.0163998604,"19":0.9298436642,"20":0.3383939564,"21":1.0351551771,"22":2.1243648529,"23":0.419539094,"24":0.3316545188,"25":1.6122175455,"26":0.3638238609}}