{"accuracy":{"0":0.6387726665,"1":0.7587168813,"2":0.7852161527,"3":0.7684797645,"4":0.7782427073,"5":0.7894002795,"6":0.8075313568,"7":0.8465830088,"8":0.8340306878,"9":0.8396095037,"10":0.836820066,"11":0.8647140861,"12":0.857740581,"13":0.8591352701,"14":0.8591352701,"15":0.8744769692,"16":0.8605299592,"17":0.8716875911,"18":0.8870292902,"19":0.8758716583,"20":0.8716875911,"21":0.8814504743,"22":0.8926081061,"23":0.884239912,"24":0.8730822802,"25":0.877266407,"26":0.8981868625,"27":0.884239912,"28":0.8926081061,"29":0.8828451633,"30":0.9135285616,"31":0.9135285616},"auc":{"0":0.6960468292,"1":0.7933684587,"2":0.8504033089,"3":0.8521646857,"4":0.8686588407,"5":0.8859165907,"6":0.8994678259,"7":0.9173333645,"8":0.9243369699,"9":0.924937129,"10":0.9242630601,"11":0.9351143241,"12":0.9363718033,"13":0.9437763095,"14":0.9375632405,"15":0.9507177472,"16":0.9380475879,"17":0.9433386326,"18":0.9534749985,"19":0.9547052979,"20":0.9516717792,"21":0.9547286034,"22":0.9611672163,"23":0.9566445947,"24":0.9555816054,"25":0.9562546611,"26":0.9639362693,"27":0.9596899152,"28":0.9627194405,"29":0.9604464173,"30":0.97188133,"31":0.971369803},"loss":{"0":0.6529447436,"1":0.5841005445,"2":0.5235891938,"3":0.5023511052,"4":0.4738630354,"5":0.4451533556,"6":0.418635875,"7":0.3875780404,"8":0.3785651624,"9":0.3655165732,"10":0.360213697,"11":0.3404756486,"12":0.3305729926,"13":0.3160107434,"14":0.3259498179,"15":0.2924781144,"16":0.3204585612,"17":0.3124969304,"18":0.2813479006,"19":0.2819770277,"20":0.2893896103,"21":0.2781392634,"22":0.2583442032,"23":0.2700524628,"24":0.2722592056,"25":0.2699225247,"26":0.2490496188,"27":0.2590754628,"28":0.2532895207,"29":0.2592222095,"30":0.2232557833,"31":0.2245873064},"val_accuracy":{"0":0.200000003,"1":0.200000003,"2":0.200000003,"3":0.200000003,"4":0.200000003,"5":0.200000003,"6":0.6909090877,"7":0.6060606241,"8":0.200000003,"9":0.200000003,"10":0.8000000119,"11":0.8727272749,"12":0.7575757504,"13":0.4424242377,"14":0.896969676,"15":0.9151515365,"16":0.9393939376,"17":0.824242413,"18":0.2909090817,"19":0.8545454741,"20":0.200000003,"21":0.8727272749,"22":0.8484848738,"23":0.8000000119,"24":0.8121212125,"25":0.8000000119,"26":0.7090908885,"27":0.7818182111,"28":0.9151515365,"29":0.2181818187,"30":0.8000000119,"31":0.8000000119},"val_auc":{"0":0.281983465,"1":0.2906152308,"2":0.301707983,"3":0.2943985462,"4":0.3058953285,"5":0.3111110926,"6":0.8342515826,"7":0.7426997423,"8":0.3151515126,"9":0.3160330653,"10":0.9234894514,"11":0.9320110679,"12":0.883526206,"13":0.5364921689,"14":0.9454178214,"15":0.9511845112,"16":0.9609917402,"17":0.9393020272,"18":0.3581634462,"19":0.9472542405,"20":0.2331680357,"21":0.949201107,"22":0.9421488047,"23":0.8946189284,"24":0.88409549,"25":0.813370049,"26":0.804297626,"27":0.883526206,"28":0.9548025727,"29":0.3179063201,"30":0.7999999523,"31":0.909201026},"val_loss":{"0":1.9888786077,"1":1.7253410816,"2":1.3676940203,"3":2.1818637848,"4":1.3517656326,"5":1.3186074495,"6":0.5583266616,"7":0.5940072536,"8":1.4751182795,"9":1.3920553923,"10":0.5562306046,"11":0.3932805955,"12":0.4315867424,"13":0.9293929338,"14":0.3048515916,"15":0.3074109554,"16":0.2507548928,"17":0.4885818958,"18":2.2486367226,"19":0.3343716562,"20":5.0571718216,"21":0.3140687943,"22":0.4384069145,"23":0.8516320586,"24":0.460741818,"25":1.3977848291,"26":0.6946389079,"27":0.4639199972,"28":0.2782247365,"29":3.1375160217,"30":2.1965715885,"31":0.9119185209}}