{"accuracy":{"0":0.4560205042,"1":0.4756618142,"2":0.5422715545,"3":0.5832621455,"4":0.6191289425,"5":0.643894136,"6":0.656703651,"7":0.6746370792,"8":0.6771989465,"9":0.6900085211,"10":0.711357832,"11":0.7105038166,"12":0.7412468195,"13":0.7412468195,"14":0.7591801882,"15":0.7813834548,"16":0.7899231315,"17":0.7933390141,"18":0.7967548966,"19":0.8044406772,"20":0.8052946329,"21":0.8138343096,"22":0.8206660748,"23":0.8129803538,"24":0.8317677379,"25":0.838599503,"26":0.8326216936,"27":0.8411614299,"28":0.8488471508,"29":0.855678916,"30":0.855678916,"31":0.8548249602,"32":0.846285224,"33":0.8667805195,"34":0.8548249602,"35":0.855678916,"36":0.8667805195,"37":0.8573868275,"38":0.8684884906,"39":0.8684884906,"40":0.8659265637,"41":0.8727583289,"42":0.8753202558,"43":0.8744662404,"44":0.8812980652,"45":0.8830059767,"46":0.8898377419,"47":0.8710503578,"48":0.8795900941,"49":0.8727583289,"50":0.877882123,"51":0.8932536244,"52":0.8830059767,"53":0.8804440498,"54":0.8864218593,"55":0.8889837861,"56":0.8889837861,"57":0.8958155513,"58":0.8941075802,"59":0.8906916976,"60":0.8898377419,"61":0.8992314339,"62":0.8983774781,"63":0.9043552279,"64":0.8941075802,"65":0.9009393454,"66":0.9043552279,"67":0.8983774781,"68":0.9035012722,"69":0.9017933607,"70":0.9069171548,"71":0.9000853896,"72":0.8898377419,"73":0.8992314339,"74":0.9009393454,"75":0.906063199,"76":0.9103330374,"77":0.9017933607,"78":0.8898377419,"79":0.9086251259,"80":0.906063199,"81":0.9077711105,"82":0.9094790816,"83":0.9069171548,"84":0.906063199,"85":0.9077711105,"86":0.9120410085,"87":0.8983774781,"88":0.9128949642,"89":0.9146028757,"90":0.9035012722,"91":0.9086251259,"92":0.9086251259,"93":0.9111869931,"94":0.9197267294,"95":0.9120410085,"96":0.9086251259,"97":0.9111869931,"98":0.9257045388,"99":0.9154568911},"auc":{"0":0.4526337683,"1":0.5679902434,"2":0.6223084927,"3":0.670802176,"4":0.6878644824,"5":0.7181447148,"6":0.7393500209,"7":0.7643419504,"8":0.7813834548,"9":0.8020136356,"10":0.8163896799,"11":0.8292174339,"12":0.8442370892,"13":0.8519425392,"14":0.8634893894,"15":0.8745151162,"16":0.8816790581,"17":0.8833782077,"18":0.8902170062,"19":0.8923187256,"20":0.8988299966,"21":0.9029356837,"22":0.9072774053,"23":0.9044224024,"24":0.9215856791,"25":0.918047905,"26":0.9226715565,"27":0.9281042218,"28":0.9299808741,"29":0.9296754003,"30":0.933870852,"31":0.9342705607,"32":0.9335528612,"33":0.9441104531,"34":0.9386646748,"35":0.9399350286,"36":0.9459106326,"37":0.9401571155,"38":0.9493075609,"39":0.949759841,"40":0.9492816925,"41":0.9548934102,"42":0.9505469799,"43":0.9506487846,"44":0.9522768259,"45":0.9552161694,"46":0.9599121809,"47":0.9514986873,"48":0.9574658275,"49":0.9539955854,"50":0.9539249539,"51":0.9572868943,"52":0.9611584544,"53":0.9575362802,"54":0.9585525393,"55":0.9614906907,"56":0.965683341,"57":0.9612624645,"58":0.9659804702,"59":0.9610360861,"60":0.9646732807,"61":0.9665558338,"62":0.9673361778,"63":0.968411088,"64":0.967079103,"65":0.9692001939,"66":0.9683461189,"67":0.9654557705,"68":0.9689099789,"69":0.9694601297,"70":0.9710543156,"71":0.9697598815,"72":0.9628326297,"73":0.9710488915,"74":0.9703965187,"75":0.9658459425,"76":0.9726281166,"77":0.9684460759,"78":0.9661692977,"79":0.9723618627,"80":0.9696336985,"81":0.9746365547,"82":0.9728422165,"83":0.9729861021,"84":0.9716268182,"85":0.9740279317,"86":0.972761929,"87":0.9748662114,"88":0.9776622653,"89":0.9741755724,"90":0.9707068205,"91":0.9750127196,"92":0.9742182493,"93":0.9752121568,"94":0.9789632559,"95":0.9779655337,"96":0.9742860198,"97":0.9792446494,"98":0.9810416698,"99":0.9756341577},"f1_score":{"0":0.0,"1":0.0696969628,"2":0.2737126946,"3":0.3791348338,"4":0.4613525867,"5":0.5134189129,"6":0.5389907956,"7":0.5752508044,"8":0.5809312463,"9":0.6032786369,"10":0.6404255033,"11":0.6397449374,"12":0.6898669004,"13":0.6923857331,"14":0.7185628414,"15":0.7509726882,"16":0.7652671337,"17":0.7695237398,"18":0.7763156891,"19":0.7833490372,"20":0.7865168452,"21":0.7977735996,"22":0.8066297174,"23":0.7988980412,"24":0.8197621107,"25":0.8280254602,"26":0.8231046796,"27":0.8330340385,"28":0.8398188949,"29":0.8500443101,"30":0.8505746722,"31":0.8492907286,"32":0.8418276906,"33":0.8638743162,"34":0.8511382937,"35":0.8524016738,"36":0.865051806,"37":0.853380084,"38":0.867241323,"39":0.8663193583,"40":0.8659265041,"41":0.8707718253,"42":0.8754265308,"43":0.8746802807,"44":0.881297946,"45":0.8836023808,"46":0.8909551501,"47":0.8701633811,"48":0.8804071546,"49":0.8729752302,"50":0.8793248534,"51":0.8960930109,"52":0.8841926455,"53":0.8819561005,"54":0.8888888359,"55":0.8909395337,"56":0.8914858103,"57":0.8983333111,"58":0.8957982659,"59":0.8917089105,"60":0.8925895095,"61":0.9011723995,"62":0.9012447,"63":0.9078947306,"64":0.8954468369,"65":0.9038141966,"66":0.9071309566,"67":0.9004183412,"68":0.9052807689,"69":0.9050370455,"70":0.9092422724,"71":0.903065443,"72":0.8938270807,"73":0.9008402824,"74":0.9039734602,"75":0.909090817,"76":0.9134377241,"77":0.9039263725,"78":0.8943488598,"79":0.9116432071,"80":0.9087893367,"81":0.9114753604,"82":0.9125412703,"83":0.9093931317,"84":0.9089403152,"85":0.9105960131,"86":0.9150865078,"87":0.9020576477,"88":0.9166666269,"89":0.9183006883,"90":0.9079053998,"91":0.9130787849,"92":0.9117889404,"93":0.915171206,"94":0.9233278632,"95":0.9150865078,"96":0.9127953649,"97":0.9150326252,"98":0.9287468791,"99":0.919577539},"loss":{"0":0.9012465477,"1":0.8114700913,"2":0.7447838783,"3":0.6945892572,"4":0.6617837548,"5":0.6315816641,"6":0.6095992327,"7":0.5851170421,"8":0.5689057112,"9":0.5485270023,"10":0.5332577229,"11":0.518802762,"12":0.5001311898,"13":0.4904503226,"14":0.4743966162,"15":0.4606905878,"16":0.4500762224,"17":0.4474633634,"18":0.4393323064,"19":0.4325119555,"20":0.4216961563,"21":0.4180063009,"22":0.4083178043,"23":0.4150151908,"24":0.3860086799,"25":0.3872821629,"26":0.382001102,"27":0.3745583296,"28":0.3679100573,"29":0.3700586259,"30":0.3619461954,"31":0.358318001,"32":0.3583618999,"33":0.3423674703,"34":0.3484386802,"35":0.34741804,"36":0.3370071352,"37":0.3455121815,"38":0.3275362849,"39":0.3261732161,"40":0.3278591931,"41":0.3181596398,"42":0.3234515488,"43":0.3229604661,"44":0.3190121651,"45":0.3121876121,"46":0.3071904778,"47":0.3187045157,"48":0.3064662516,"49":0.3128290772,"50":0.3129696846,"51":0.3094925582,"52":0.3008889258,"53":0.3065253496,"54":0.3009943664,"55":0.2966163754,"56":0.2868709564,"57":0.2971821427,"58":0.2860023677,"59":0.2931231558,"60":0.2899243236,"61":0.2835319638,"62":0.2850134075,"63":0.2799751163,"64":0.2809040248,"65":0.2788693309,"66":0.2793387771,"67":0.2830683887,"68":0.2772294283,"69":0.2754995227,"70":0.2722744048,"71":0.2748869359,"72":0.2903701067,"73":0.2709815502,"74":0.2717992067,"75":0.280174017,"76":0.2679390907,"77":0.2725915909,"78":0.2839624584,"79":0.2681960166,"80":0.2720354795,"81":0.2603648603,"82":0.2655588686,"83":0.265504688,"84":0.2677835822,"85":0.2602035403,"86":0.2638216317,"87":0.259096384,"88":0.2529866695,"89":0.2579122186,"90":0.2657380402,"91":0.2601194084,"92":0.256657809,"93":0.2582389712,"94":0.2485895157,"95":0.2500216961,"96":0.2575255036,"97":0.2457261533,"98":0.2405903488,"99":0.253982842},"val_accuracy":{"0":0.4216216207,"1":0.2216216177,"2":0.2216216177,"3":0.3027026951,"4":0.7459459305,"5":0.6270270348,"6":0.7189189196,"7":0.7135134935,"8":0.7891891599,"9":0.7783783674,"10":0.8270270228,"11":0.8324324489,"12":0.8378378153,"13":0.8324324489,"14":0.729729712,"15":0.8162162304,"16":0.7945945859,"17":0.8540540338,"18":0.8378378153,"19":0.8324324489,"20":0.8594594598,"21":0.8540540338,"22":0.762162149,"23":0.8378378153,"24":0.8756756783,"25":0.8594594598,"26":0.7783783674,"27":0.8648648858,"28":0.8702702522,"29":0.8054053783,"30":0.8108108044,"31":0.7837837934,"32":0.6864864826,"33":0.8594594598,"34":0.7945945859,"35":0.772973001,"36":0.8540540338,"37":0.8648648858,"38":0.8486486673,"39":0.7891891599,"40":0.8540540338,"41":0.8486486673,"42":0.8972973228,"43":0.502702713,"44":0.7783783674,"45":0.4810810685,