{"accuracy":{"0":0.549069345,"1":0.6700507402,"2":0.7512690425,"3":0.8113366961,"4":0.8138747811,"5":0.8096446991,"6":0.8172588944,"7":0.8392555118,"8":0.8358713984,"9":0.8282572031,"10":0.8434855938,"11":0.8451776505,"12":0.8367174268,"13":0.8460236788,"14":0.8510998487,"15":0.8663282394,"16":0.8561759591,"17":0.8663282394,"18":0.8604061007,"19":0.8510998487,"20":0.8544839025,"21":0.8612521291,"22":0.8722504377,"23":0.8815566897,"24":0.8730964661,"25":0.8824027181,"26":0.8849408031,"27":0.8824027181,"28":0.8815566897,"29":0.8840947747,"30":0.8984771371,"31":0.8891708851,"32":0.8934010267,"33":0.8815566897,"34":0.8807106614,"35":0.8925549984,"36":0.9010152221,"37":0.9052453637,"38":0.9043993354,"39":0.9001691937,"40":0.9069374204,"41":0.8984771371,"42":0.9077833891,"43":0.9027072787,"44":0.906091392,"45":0.9069374204,"46":0.9137055874,"47":0.9043993354,"48":0.915397644,"49":0.9027072787,"50":0.8993231654,"51":0.9094754457,"52":0.906091392,"53":0.9128595591,"54":0.9170897007,"55":0.9103214741,"56":0.9077833891,"57":0.9213197827,"58":0.9145516157,"59":0.917935729,"60":0.9103214741,"61":0.9204737544,"62":0.9221658111,"63":0.9170897007,"64":0.9145516157,"65":0.9103214741,"66":0.9204737544,"67":0.9204737544,"68":0.9221658111,"69":0.9103214741,"70":0.9230118394,"71":0.917935729,"72":0.9213197827,"73":0.917935729,"74":0.915397644,"75":0.9145516157,"76":0.9221658111,"77":0.9230118394,"78":0.9196277261,"79":0.924703896,"80":0.9170897007,"81":0.9289340377,"82":0.9263959527,"83":0.9196277261,"84":0.9255499244,"85":0.9289340377,"86":0.9263959527,"87":0.9289340377,"88":0.9280880094,"89":0.9255499244,"90":0.9230118394,"91":0.9306260347,"92":0.924703896,"93":0.9357022047,"94":0.9331641197,"95":0.9314720631,"96":0.9255499244,"97":0.9238578677,"98":0.9306260347,"99":0.9280880094},"auc":{"0":0.671433568,"1":0.7616721988,"2":0.8531573415,"3":0.9018962979,"4":0.902344346,"5":0.9010843039,"6":0.9084647894,"7":0.919991374,"8":0.9202720523,"9":0.9162666202,"10":0.9219651222,"11":0.9302592278,"12":0.923094511,"13":0.9301851988,"14":0.937571764,"15":0.9369618893,"16":0.9353969693,"17":0.9386392832,"18":0.9349410534,"19":0.9371258616,"20":0.9367117882,"21":0.9472061396,"22":0.9500684738,"23":0.9494791031,"24":0.9526852965,"25":0.957916081,"26":0.9523900151,"27":0.9558231831,"28":0.9594009519,"29":0.9585366249,"30":0.9636380672,"31":0.9621554613,"32":0.9651229978,"33":0.9588963389,"34":0.9583752155,"35":0.9647747874,"36":0.9661973715,"37":0.9702345729,"38":0.9684609771,"39":0.9702259302,"40":0.9712352157,"41":0.9649156928,"42":0.9725353718,"43":0.9673496485,"44":0.9720339775,"45":0.9717565775,"46":0.973772645,"47":0.9723242521,"48":0.9729891419,"49":0.9744006395,"50":0.9707338214,"51":0.9727464914,"52":0.9719384313,"53":0.9777983427,"54":0.9757584333,"55":0.9742634892,"56":0.972915411,"57":0.977606833,"58":0.9773635268,"59":0.9781963229,"60":0.9752741456,"61":0.9766162634,"62":0.9768731594,"63":0.9765729308,"64":0.975612402,"65":0.9767411351,"66":0.9798082113,"67":0.980658114,"68":0.9796671867,"69":0.9756935835,"70":0.9823504686,"71":0.9795343876,"72":0.9788393974,"73":0.9802239537,"74":0.9762644768,"75":0.9796703458,"76":0.9813982844,"77":0.9801055789,"78":0.9803596139,"79":0.9818659425,"80":0.9786733985,"81":0.9826619029,"82":0.9811105132,"83":0.9792269468,"84":0.9822986126,"85":0.9830076098,"86":0.9817450047,"87":0.9820270538,"88":0.9791736007,"89":0.980312407,"90":0.9802297354,"91":0.9840636849,"92":0.9832222462,"93":0.9847826958,"94":0.9844330549,"95":0.9837556481,"96":0.9812993407,"97":0.9831153154,"98":0.9819246531,"99":0.9820599556},"f1_score":{"0":0.7060120702,"1":0.7574626207,"2":0.7789472938,"3":0.8164608479,"4":0.8113206625,"5":0.8065347672,"6":0.8160135746,"7":0.8362068534,"8":0.8350339532,"9":0.8275275826,"10":0.8436178565,"11":0.8463475704,"12":0.8374051452,"13":0.8436425328,"14":0.8533332348,"15":0.8687707186,"16":0.8566610217,"17":0.8692052364,"18":0.8641974926,"19":0.8530883789,"20":0.8580856919,"21":0.8635606766,"22":0.8748963475,"23":0.8837208748,"24":0.8766447306,"25":0.8855966926,"26":0.8881578445,"27":0.8865305781,"28":0.8846786618,"29":0.8872427344,"30":0.9024389982,"31":0.8934091926,"32":0.8973941207,"33":0.8852458,"34":0.8847096562,"35":0.8968317509,"36":0.9055688977,"37":0.9098228216,"38":0.9089443684,"39":0.9045306444,"40":0.9111469388,"41":0.9036917686,"42":0.9117407799,"43":0.9076304436,"44":0.9099755883,"45":0.9117174149,"46":0.9185302854,"47":0.9089443684,"48":0.9201277494,"49":0.9076304436,"50":0.9053301215,"51":0.9141939878,"52":0.9115537405,"53":0.917401731,"54":0.921474278,"55":0.9157391787,"56":0.9131473303,"57":0.9255403876,"58":0.9200316668,"59":0.9223378301,"60":0.9153353572,"61":0.9246794581,"62":0.9266346693,"63":0.9217252135,"64":0.9186139107,"65":0.9154704213,"66":0.9246794581,"67":0.9251591563,"68":0.9262819886,"69":0.9151999354,"70":0.9272581339,"71":0.9225856662,"72":0.9253011942,"73":0.9224619865,"74":0.9212597013,"75":0.9187449217,"76":0.9269841313,"77":0.9277203083,"78":0.9244231582,"79":0.9287429452,"80":0.9222221375,"81":0.9331209064,"82":0.9305666089,"83":0.9240607619,"84":0.9295999408,"85":0.9334389567,"86":0.9306772351,"87":0.9334389567,"88":0.9320542812,"89":0.9295999408,"90":0.9274899364,"91":0.9345047474,"92":0.9294210076,"93":0.9395865798,"94":0.9373511672,"95":0.9352517724,"96":0.9304897189,"97":0.9285712838,"98":0.9346091747,"99":0.9324860573},"loss":{"0":0.6588250399,"1":0.5705416799,"2":0.5112621784,"3":0.4576111436,"4":0.4385680556,"5":0.4221451283,"6":0.4106159508,"7":0.3908255994,"8":0.3833189011,"9":0.3857642412,"10":0.377266109,"11":0.3608636856,"12":0.3665067554,"13":0.3508010507,"14":0.342689544,"15":0.3397804201,"16":0.3394151032,"17":0.3337603211,"18":0.3401969969,"19":0.3348598778,"20":0.3341769874,"21":0.3161254227,"22":0.3094926775,"23":0.3087322116,"24":0.3045132458,"25":0.2934843004,"26":0.3000664711,"27":0.2956698239,"28":0.2869499624,"29":0.2870056629,"30":0.2776606381,"31":0.2783554494,"32":0.2740398347,"33":0.2836011946,"34":0.2855154276,"35":0.2740355134,"36":0.2670411766,"37":0.2592030764,"38":0.2614732683,"39":0.2587391436,"40":0.253942728,"41":0.2715598643,"42":0.2516017854,"43":0.2635270953,"44":0.2540506423,"45":0.2505476773,"46":0.2481072098,"47":0.2493772507,"48":0.2486964911,"49":0.2412897348,"50":0.2538266182,"51":0.2463437468,"52":0.2481381148,"53":0.2357628495,"54":0.2390271425,"55":0.2409000099,"56":0.2448189557,"57":0.2330199182,"58":0.2339113951,"59":0.2292597443,"60":0.2363272756,"61":0.2366855592,"62":0.232319355,"63":0.2364246547,"64":0.2363449037,"65":0.2321408689,"66":0.2248930633,"67":0.2228966951,"68":0.2243852764,"69":0.2337813973,"70":0.2176695913,"71":0.2242870778,"72":0.2219265848,"73":0.2209362388,"74":0.2334963232,"75":0.2218291014,"76":0.2188721746,"77":0.2216839194,"78":0.2204052061,"79":0.2136600465,"80":0.2243560702,"81":0.2119947076,"82":0.2150492668,"83":0.2192333043,"84":0.2102300674,"85":0.2099167705,"86":0.2134136111,"87":0.2116063237,"88":0.2200898081,"89":0.2161649764,"90":0.2192119956,"91":0.2070926428,"92":0.209542051,"93":0.2029295713,"94":0.2028818578,"95":0.2051518112,"96":0.2110143602,"97":0.2074645609,"98":0.2104253322,"99":0.2110715806},"val_accuracy":{"0":0.2183908075,"1":0.2183908075,"2":0.2183908075,"3":0.2183908075,"4":0.2183908075,"5":0.2183908075,"6":0.5689654946,"7":0.6091954112,"8":0.6839080453,"9":0.7528735399,"10":0.7758620977,"11":0.7931034565,"12":0.7471264601,"13":0.6034482718,"14":0.6609195471,"15":0.7931034565,"16":0.3620689511,"17":0.62643677,"18":0.7931034565,"19":0.7816091776,"20":0.787356317,"21":0.6954023242,"22":0.8160919547,"23":0.7701149583,"24":0.7758620977,"25":0.798850596,"26":0.7931034565,"27":0.787356317,"28":0.7701149583,"29":0.8160919547,"30":0.8275862336,"31":0.8045976758,"32":0.8045976758,"33":0.8045976758,"34":0.7758620977,"35":0.8275862336,"36":0.798850596,"37":0.8448275924,"38":0.7816091776,"39":0.8390804529,"40":0.8620689511,"41":0.8275862336,"42":0.7068965435,"43":0.8218390942,"44":0.8160919547,"45":0.7816091776,