{"accuracy":{"0":0.5385266542,"1":0.5486875772,"2":0.6765453219,"3":0.7806943059,"4":0.8018628359,"5":0.8069432974,"6":0.8137171865,"7":0.8196443915,"8":0.8094834685,"9":0.8281117678,"10":0.8340389729,"11":0.8331922293,"12":0.8357324004,"13":0.8569009304,"14":0.8374258876,"15":0.8662150502,"16":0.8526672125,"17":0.8475868106,"18":0.8475868106,"19":0.8704487681,"20":0.8729889989,"21":0.8772227168,"22":0.8721422553,"23":0.8746824861,"24":0.8823031187,"25":0.8839966059,"26":0.8772227168,"27":0.8806096315,"28":0.8823031187,"29":0.8763759732,"30":0.8755292296,"31":0.8882303238,"32":0.8958509564,"33":0.8941574693,"34":0.8958509564,"35":0.8916172981,"36":0.8958509564,"37":0.8958509564,"38":0.8890770674,"39":0.9017781615,"40":0.8983911872,"41":0.9034716487,"42":0.8907705545,"43":0.9026249051,"44":0.9136325121,"45":0.8958509564,"46":0.8975444436,"47":0.906858623,"48":0.8941574693,"49":0.9009314179,"50":0.9051651359,"51":0.9017781615,"52":0.9170194864,"53":0.9051651359,"54":0.8933107257,"55":0.9026249051,"56":0.906858623,"57":0.9034716487,"58":0.9187129736,"59":0.9043183923,"60":0.9093987942,"61":0.9051651359,"62":0.9102455378,"63":0.9170194864,"64":0.9017781615,"65":0.9009314179,"66":0.9119390249,"67":0.9204064608,"68":0.9127857685,"69":0.9000846744,"70":0.9212532043,"71":0.9051651359,"72":0.9093987942,"73":0.906858623,"74":0.9093987942,"75":0.9144792557,"76":0.9263336062,"77":0.9127857685,"78":0.9170194864,"79":0.9204064608,"80":0.8992379308,"81":0.9212532043,"82":0.9110922813,"83":0.9195597172,"84":0.9093987942,"85":0.9204064608,"86":0.9144792557,"87":0.9220998883,"88":0.9187129736,"89":0.9187129736,"90":0.9237933755,"91":0.907705307,"92":0.9204064608,"93":0.9220998883,"94":0.9229466319,"95":0.9220998883,"96":0.9093987942,"97":0.9212532043,"98":0.9119390249,"99":0.9170194864},"auc":{"0":0.6077905297,"1":0.689819634,"2":0.7820124626,"3":0.8693696856,"4":0.8969256878,"5":0.8955193758,"6":0.8981946707,"7":0.9100601673,"8":0.9030708075,"9":0.9192040563,"10":0.9224336743,"11":0.918887496,"12":0.9221342802,"13":0.9283697605,"14":0.9267898798,"15":0.9384242296,"16":0.9339869022,"17":0.9296818972,"18":0.9319420457,"19":0.9422180057,"20":0.9448080659,"21":0.9482714534,"22":0.9433594942,"23":0.9479089975,"24":0.9522795677,"25":0.9485871792,"26":0.9512439966,"27":0.9511113763,"28":0.9508707523,"29":0.9482534528,"30":0.9524489045,"31":0.9540522695,"32":0.9614546299,"33":0.9623544812,"34":0.9593582749,"35":0.9570425153,"36":0.9595110416,"37":0.9596837759,"38":0.9613341689,"39":0.9650828838,"40":0.9642067552,"41":0.9638414979,"42":0.9605226517,"43":0.9671567678,"44":0.9690118432,"45":0.9639651179,"46":0.9649287462,"47":0.967404902,"48":0.9639644027,"49":0.9678747654,"50":0.9661328793,"51":0.9687244296,"52":0.9702063799,"53":0.9675986767,"54":0.9649797082,"55":0.96773386,"56":0.9689807296,"57":0.9700532556,"58":0.9703211188,"59":0.967718184,"60":0.9678637385,"61":0.9676678181,"62":0.9706427455,"63":0.9753606319,"64":0.9725028276,"65":0.9685272574,"66":0.9727569818,"67":0.9753757715,"68":0.9734044671,"69":0.9694080353,"70":0.9733764529,"71":0.9704225063,"72":0.972815454,"73":0.9733842611,"74":0.972286284,"75":0.9764616489,"76":0.9781578779,"77":0.9732728601,"78":0.9780173302,"79":0.9789827466,"80":0.9700238705,"81":0.9753498435,"82":0.9743834138,"83":0.9757161736,"84":0.9725973606,"85":0.9778338075,"86":0.9756914377,"87":0.9773775339,"88":0.9776818752,"89":0.9744683504,"90":0.9779438376,"91":0.9737388492,"92":0.9787626266,"93":0.978418529,"94":0.9760119915,"95":0.9771487713,"96":0.9758242369,"97":0.9762163758,"98":0.9757933021,"99":0.9786397219},"f1_score":{"0":0.7000550032,"1":0.7050359249,"2":0.7606515288,"3":0.8033408523,"4":0.809446156,"5":0.801739037,"6":0.8113207221,"7":0.8146213293,"8":0.8068668842,"9":0.8272340298,"10":0.8310344815,"11":0.8291413188,"12":0.8353139758,"13":0.8599833846,"14":0.8358973265,"15":0.8687707186,"16":0.8552411199,"17":0.8494982719,"18":0.8517297506,"19":0.8719664216,"20":0.8745818138,"21":0.8794679046,"22":0.8765330911,"23":0.8776859045,"24":0.8850288987,"25":0.8870568275,"26":0.8816325665,"27":0.8837592602,"28":0.8848384023,"29":0.8811074495,"30":0.8801955581,"31":0.8923326731,"32":0.8980943561,"33":0.8976247907,"34":0.8990975618,"35":0.8945633769,"36":0.9000811577,"37":0.8995917439,"38":0.8925347924,"39":0.9052286744,"40":0.9029125571,"41":0.9073169827,"42":0.8957154751,"43":0.9061224461,"44":0.9168025255,"45":0.9007262588,"46":0.9013854265,"47":0.9117174149,"48":0.896779418,"49":0.9052631855,"50":0.9090908766,"51":0.9050735831,"52":0.9201954007,"53":0.9090908766,"54":0.8987137675,"55":0.9059688449,"56":0.9111469388,"57":0.9079158902,"58":0.9216965437,"59":0.9085019827,"60":0.9132197499,"61":0.9093850255,"62":0.9139609337,"63":0.9205833673,"64":0.905690968,"65":0.9054162502,"66":0.9158576131,"67":0.9230769277,"68":0.918058753,"69":0.9048386812,"70":0.9234567285,"71":0.9098228216,"72":0.9137791395,"73":0.9108589292,"74":0.9130787849,"75":0.9182185531,"76":0.9298951626,"77":0.9168683887,"78":0.9209676981,"79":0.9238249063,"80":0.9034873843,"81":0.9253011346,"82":0.9149797559,"83":0.9235719442,"84":0.9130787849,"85":0.9245585799,"86":0.9183507562,"87":0.9255663157,"88":0.9228295088,"89":0.9219511747,"90":0.927652657,"91":0.9125902057,"92":0.9237012267,"93":0.9256865382,"94":0.926076293,"95":0.9263999462,"96":0.913500309,"97":0.9253011346,"98":0.9174602628,"99":0.921094954},"loss":{"0":0.6975602508,"1":0.632393837,"2":0.5614990592,"3":0.5048040152,"4":0.4622981548,"5":0.4417088032,"6":0.4287784398,"7":0.4096686542,"8":0.4114270508,"9":0.391361177,"10":0.3821876347,"11":0.3807620406,"12":0.37936759,"13":0.3698017597,"14":0.3664590716,"15":0.3519889116,"16":0.3523525596,"17":0.3582293987,"18":0.3556266725,"19":0.3389112651,"20":0.3321385086,"21":0.3243512511,"22":0.3316867352,"23":0.3224057555,"24":0.3142370582,"25":0.3202469051,"26":0.3134777546,"27":0.3144040406,"28":0.3149042428,"29":0.3192186654,"30":0.3081053197,"31":0.3071568906,"32":0.2903093398,"33":0.2924960554,"34":0.2959820032,"35":0.2975003421,"36":0.2941988707,"37":0.292245537,"38":0.2870037258,"39":0.2810283005,"40":0.2827156186,"41":0.2800413966,"42":0.2891946137,"43":0.2757381201,"44":0.2702733278,"45":0.2802286446,"46":0.2772110403,"47":0.2742035091,"48":0.2757362723,"49":0.2711353004,"50":0.2731772065,"51":0.2673034966,"52":0.2621235549,"53":0.2654266357,"54":0.2739151418,"55":0.2667719424,"56":0.2650382221,"57":0.262391001,"58":0.2596899867,"59":0.2671863139,"60":0.2658721805,"61":0.2659415305,"62":0.2569033802,"63":0.2494712472,"64":0.252507925,"65":0.2588331699,"66":0.2502859831,"67":0.2455519736,"68":0.2510173619,"69":0.2609861195,"70":0.250382483,"71":0.2572449148,"72":0.2504637241,"73":0.2491156161,"74":0.2504013181,"75":0.2406207472,"76":0.2357362509,"77":0.2490462065,"78":0.2344034016,"79":0.2340290248,"80":0.2516111434,"81":0.2430789769,"82":0.2421499789,"83":0.2432955354,"84":0.2491742969,"85":0.2344349176,"86":0.239714548,"87":0.23420991,"88":0.2334684134,"89":0.2419676185,"90":0.2309571356,"91":0.2431143224,"92":0.2296765298,"93":0.2313339114,"94":0.2345814407,"95":0.2332651317,"96":0.2380194068,"97":0.2351851463,"98":0.2367184758,"99":0.23080796},"val_accuracy":{"0":0.2342857122,"1":0.2342857122,"2":0.2342857122,"3":0.2342857122,"4":0.2342857122,"5":0.2342857122,"6":0.2342857122,"7":0.2342857122,"8":0.2342857122,"9":0.2342857122,"10":0.4457142949,"11":0.2800000012,"12":0.7485714555,"13":0.6685714126,"14":0.4742857218,"15":0.7771428823,"16":0.8057143092,"17":0.708571434,"18":0.7714285851,"19":0.7714285851,"20":0.8000000119,"21":0.8114285469,"22":0.8057143092,"23":0.8057143092,"24":0.8000000119,"25":0.7428571582,"26":0.8171428442,"27":0.7885714173,"28":0.8114285469,"29":0.8114285469,"30":0.8171428442,"31":0.7657142878,"32":0.8399999738,"33":0.8285714388,"34":0.7771428823,"35":0.8228571415,"36":0.7771428823,"37":0.7771428823,"38":0.8342857361,"39":0.7885714173,"40":0.78285712,"41":0.8228571415,"42":0.7771428823,"43":0.7657142878,"44":0.8399999738,"45":0.7657142878,