{"accuracy":{"0":0.5709487796,"1":0.658270359,"2":0.7078085542,"3":0.73635602,"4":0.7447522879,"5":0.7565071583,"6":0.7615449429,"7":0.772460103,"8":0.7774978876,"9":0.7833753228,"10":0.8043660522,"11":0.7951301336,"12":0.8068849444,"13":0.8102434874,"14":0.8102434874,"15":0.811922729,"16":0.8245171905,"17":0.8161209226,"18":0.8345927596,"19":0.8312342763,"20":0.8362720609,"21":0.84634763,"22":0.8312342763,"23":0.8455079794,"24":0.8530646563,"25":0.8522250056,"26":0.8438287377,"27":0.8572627902,"28":0.8606213331,"29":0.8547438979,"30":0.8606213331,"31":0.8715365529,"32":0.8690176606,"33":0.8690176606,"34":0.8698572516,"35":0.8757346869,"36":0.8774139285,"37":0.8757346869,"38":0.8631402254,"39":0.8790931702,"40":0.8799328208,"41":0.8916876316,"42":0.8816120625,"43":0.86817801,"44":0.886649847,"45":0.8925272822,"46":0.8933669329,"47":0.8690176606,"48":0.8816120625,"49":0.8849706054,"50":0.8824517131,"51":0.8900083899,"52":0.8992443085,"53":0.8950461745,"54":0.8832913637,"55":0.8824517131,"56":0.8958858252,"57":0.8933669329,"58":0.8925272822,"59":0.8883291483,"60":0.8933669329,"61":0.8950461745,"62":0.9059613943,"63":0.8967254162,"64":0.8925272822,"65":0.9017632008,"66":0.8958858252,"67":0.907640636,"68":0.904282093,"69":0.8908480406,"70":0.907640636,"71":0.907640636,"72":0.9000839591,"73":0.8933669329,"74":0.8950461745,"75":0.9051217437,"76":0.9160369635,"77":0.904282093,"78":0.8958858252,"79":0.8958858252,"80":0.9126784205,"81":0.9093198776,"82":0.9068009853,"83":0.9068009853,"84":0.9051217437,"85":0.8975650668,"86":0.9093198776,"87":0.9059613943,"88":0.9135180712,"89":0.9093198776,"90":0.9135180712,"91":0.903442502,"92":0.9101595283,"93":0.903442502,"94":0.8950461745,"95":0.9101595283,"96":0.9051217437,"97":0.9143576622,"98":0.9000839591,"99":0.907640636},"auc":{"0":0.6342337132,"1":0.7429299355,"2":0.7997882366,"3":0.8362438679,"4":0.8438463807,"5":0.8596273065,"6":0.8606297374,"7":0.8723433614,"8":0.8718625903,"9":0.879452765,"10":0.8897278309,"11":0.8935188651,"12":0.899828136,"13":0.9009637237,"14":0.9066497684,"15":0.9088587761,"16":0.9101951122,"17":0.9098014832,"18":0.9175314307,"19":0.9187912941,"20":0.9218720198,"21":0.9228815436,"22":0.9232873321,"23":0.9330449104,"24":0.9347090125,"25":0.9331316948,"26":0.9328986406,"27":0.9365010858,"28":0.9440172911,"29":0.9420147538,"30":0.9439678192,"31":0.9478393197,"32":0.950879097,"33":0.9491314888,"34":0.9497166276,"35":0.9528654814,"36":0.9531804919,"37":0.9571464062,"38":0.946371913,"39":0.9585186243,"40":0.9572013617,"41":0.9601499438,"42":0.9596828818,"43":0.9547920227,"44":0.9610022902,"45":0.9636477232,"46":0.9643707871,"47":0.9581778049,"48":0.9577745795,"49":0.9612208009,"50":0.9566705227,"51":0.9619600177,"52":0.9647530317,"53":0.9638563991,"54":0.9638549089,"55":0.9609289765,"56":0.9676281214,"57":0.9659134746,"58":0.9650577307,"59":0.9632529616,"60":0.9650048018,"61":0.9684309959,"62":0.9697549343,"63":0.966055572,"64":0.9662780762,"65":0.966551125,"66":0.9661154747,"67":0.9710775614,"68":0.9677330852,"69":0.9681708813,"70":0.9715378881,"71":0.9712995887,"72":0.9673171639,"73":0.9675752521,"74":0.9668543339,"75":0.9689276814,"76":0.973508656,"77":0.9714508057,"78":0.9708635211,"79":0.9702184796,"80":0.9752011895,"81":0.9708004594,"82":0.9704726338,"83":0.9710760713,"84":0.9741978049,"85":0.9728807807,"86":0.9731578827,"87":0.9729059339,"88":0.9722325206,"89":0.9752932787,"90":0.9751921296,"91":0.9718110561,"92":0.974837184,"93":0.9695883393,"94":0.9719661474,"95":0.9742093682,"96":0.9720668793,"97":0.975407064,"98":0.9727796912,"99":0.974840939},"f1_score":{"0":0.3440307677,"1":0.5442329049,"2":0.6374999881,"3":0.6789365411,"4":0.6953907609,"5":0.7117295861,"6":0.7237353921,"7":0.7376571894,"8":0.7464114428,"9":0.7566036582,"10":0.7832556963,"11":0.7711068988,"12":0.788990736,"13":0.7934186459,"14":0.7963963747,"15":0.7963635325,"16":0.8135592937,"17":0.8039391041,"18":0.8261253238,"19":0.8250651956,"20":0.8296942711,"21":0.8418322206,"22":0.8247601986,"23":0.8416522741,"24":0.8500427604,"25":0.8500851393,"26":0.8421051502,"27":0.8551958203,"28":0.8597972989,"29":0.8564314246,"30":0.8588434458,"31":0.8719664812,"32":0.8695651889,"33":0.8675721288,"34":0.8730548024,"35":0.8780888319,"36":0.8781301379,"37":0.8782894015,"38":0.8638260961,"39":0.8829268217,"40":0.8828827739,"41":0.8950365782,"42":0.8854589462,"43":0.8709942102,"44":0.8903330564,"45":0.8954247832,"46":0.8973322511,"47":0.8712870479,"48":0.8850855827,"49":0.88834548,"50":0.8859934211,"51":0.893061161,"52":0.9033815861,"53":0.8979591727,"54":0.8874493241,"55":0.8854336739,"56":0.8991869092,"57":0.8973322511,"58":0.8972712159,"59":0.8919577003,"60":0.8988046646,"61":0.8989490271,"62":0.9106857181,"63":0.9012047648,"64":0.8974358439,"65":0.9055689573,"66":0.9009584785,"67":0.9111469388,"68":0.908064425,"69":0.8948219419,"70":0.9118588567,"71":0.9111469388,"72":0.9045708776,"73":0.8989657164,"74":0.8984564543,"75":0.9095275998,"76":0.9205086827,"77":0.9077669978,"78":0.9003215432,"79":0.9011163712,"80":0.9171973467,"81":0.9130433798,"82":0.9111288786,"83":0.9109863639,"84":0.9092368484,"85":0.9006513953,"86":0.9141494036,"87":0.9101122618,"88":0.9176658392,"89":0.9137379527,"90":0.9177972078,"91":0.9077785611,"92":0.9139179587,"93":0.9088025093,"94":0.9003983736,"95":0.9147409201,"96":0.9101033807,"97":0.9185302854,"98":0.9054805636,"99":0.9112902284},"loss":{"0":0.6644650102,"1":0.6152569056,"2":0.5746266842,"3":0.5344920754,"4":0.5126000047,"5":0.4892325997,"6":0.4807133973,"7":0.4667564034,"8":0.4618589282,"9":0.4504103959,"10":0.4358221591,"11":0.4283362925,"12":0.4201826453,"13":0.4155660868,"14":0.4105658531,"15":0.4039641023,"16":0.4045853019,"17":0.3996454179,"18":0.3889132738,"19":0.388561219,"20":0.3817843199,"21":0.3820506632,"22":0.3795665801,"23":0.3653340042,"24":0.3617191911,"25":0.3646826446,"26":0.3645060956,"27":0.3570086062,"28":0.3449913561,"29":0.3482549787,"30":0.3421409428,"31":0.337392658,"32":0.3339793086,"33":0.3316424489,"34":0.3334006965,"35":0.3271211982,"36":0.3266682923,"37":0.3195245862,"38":0.3330107331,"39":0.3174827993,"40":0.3159525096,"41":0.3113521636,"42":0.3105176091,"43":0.3175769746,"44":0.308275938,"45":0.3008696437,"46":0.3034875989,"47":0.3075385988,"48":0.31053707,"49":0.301409781,"50":0.3143020868,"51":0.3016701937,"52":0.3002776206,"53":0.2966950238,"54":0.2979363501,"55":0.3011031747,"56":0.2906772196,"57":0.2912967205,"58":0.2932315469,"59":0.2936337888,"60":0.2939733565,"61":0.2882006168,"62":0.2852577567,"63":0.2911216617,"64":0.2883948982,"65":0.2860519588,"66":0.2889144123,"67":0.2756204307,"68":0.2830812335,"69":0.2787821889,"70":0.2760780752,"71":0.2729000151,"72":0.2822518647,"73":0.2816311121,"74":0.2819875479,"75":0.2774194479,"76":0.2711421847,"77":0.2717155218,"78":0.2709744275,"79":0.2760973871,"80":0.264010936,"81":0.2707052827,"82":0.2707179487,"83":0.2695807517,"84":0.2619187832,"85":0.26387012,"86":0.2654339373,"87":0.2668379247,"88":0.2663350701,"89":0.2605543435,"90":0.2601074576,"91":0.2654269636,"92":0.25859043,"93":0.2692462504,"94":0.2636637986,"95":0.2607176602,"96":0.2652960122,"97":0.2567062974,"98":0.2628289759,"99":0.2581071258},"val_accuracy":{"0":0.200000003,"1":0.200000003,"2":0.200000003,"3":0.200000003,"4":0.200000003,"5":0.200000003,"6":0.400000006,"7":0.7212121487,"8":0.7636363506,"9":0.8606060743,"10":0.8848484755,"11":0.5454545617,"12":0.8121212125,"13":0.6787878871,"14":0.8666666746,"15":0.6303030252,"16":0.8000000119,"17":0.7696969509,"18":0.7939394116,"19":0.6606060863,"20":0.9030302763,"21":0.8181818128,"22":0.8484848738,"23":0.8181818128,"24":0.8121212125,"25":0.9151515365,"26":0.824242413,"27":0.8000000119,"28":0.896969676,"29":0.8000000119,"30":0.8666666746,"31":0.8000000119,"32":0.8181818128,"33":0.9151515365,"34":0.896969676,"35":0.8484848738,"36":0.9030302763,"37":0.8787878752,"38":0.6666666865,"39":0.8727272749,"40":0.8787878752,"41":0.9090909362,"42":0.8060606122,"43":0.8484848738,"44":0.8303030133,"45":0.9212121367,