{"accuracy":{"0":0.5524296761,"1":0.6930946112,"2":0.7979539633,"3":0.8175618052,"4":0.820119381,"5":0.8158567548,"6":0.8073316216,"7":0.8252344131,"8":0.842284739,"9":0.8303495049,"10":0.8388746977,"11":0.8431372643,"12":0.8388746977,"13":0.842284739,"14":0.8567774892,"15":0.8533674479,"16":0.8635976315,"17":0.855924964,"18":0.8508098722,"19":0.8610400558,"20":0.867860198,"21":0.8780903816,"22":0.8712702394,"23":0.867860198,"24":0.8832054734,"25":0.8593350649,"26":0.8840579987,"27":0.8721227646,"28":0.881500423,"29":0.8772378564,"30":0.8823529482,"31":0.8823529482,"32":0.881500423,"33":0.8951406479,"34":0.8951406479,"35":0.8840579987,"36":0.8840579987,"37":0.8840579987,"38":0.8900255561,"39":0.8840579987,"40":0.8968456984,"41":0.8942881227,"42":0.9036658406,"43":0.8908780813,"44":0.8849104643,"45":0.9028133154,"46":0.9036658406,"47":0.8994032145,"48":0.907075882,"49":0.8994032145,"50":0.9045183063,"51":0.9062233567,"52":0.9028133154,"53":0.9053708315,"54":0.8985507488,"55":0.9019607902,"56":0.9096333981,"57":0.8917306066,"58":0.9087809324,"59":0.9062233567,"60":0.9062233567,"61":0.9121909738,"62":0.907075882,"63":0.9096333981,"64":0.9036658406,"65":0.9104859233,"66":0.9079284072,"67":0.9096333981,"68":0.9036658406,"69":0.9062233567,"70":0.9053708315,"71":0.9113384485,"72":0.913043499,"73":0.9198635817,"74":0.9096333981,"75":0.9173060656,"76":0.9138959646,"77":0.9164535403,"78":0.9275362492,"79":0.9113384485,"80":0.9147484899,"81":0.907075882,"82":0.9181585908,"83":0.913043499,"84":0.9121909738,"85":0.9224211574,"86":0.9181585908,"87":0.9087809324,"88":0.9173060656,"89":0.9147484899,"90":0.9173060656,"91":0.9147484899,"92":0.9156010151,"93":0.9335038066,"94":0.9181585908,"95":0.9190110564,"96":0.9198635817,"97":0.9232736826,"98":0.9232736826,"99":0.9224211574},"auc":{"0":0.6750631928,"1":0.7863700986,"2":0.8860544562,"3":0.9023572206,"4":0.905898869,"5":0.8998749256,"6":0.9092507362,"7":0.922229588,"8":0.9237340689,"9":0.9197098613,"10":0.9279918671,"11":0.9236966968,"12":0.926412642,"13":0.9280508161,"14":0.9354082942,"15":0.9338824749,"16":0.9364073277,"17":0.9349083304,"18":0.9355162978,"19":0.939827919,"20":0.9404129982,"21":0.94709903,"22":0.9435472488,"23":0.9419167042,"24":0.9508095384,"25":0.9423764348,"26":0.9499959946,"27":0.949324131,"28":0.9490163326,"29":0.9515966177,"30":0.9516567588,"31":0.9544554949,"32":0.9492655396,"33":0.9605075121,"34":0.9606748819,"35":0.9548148513,"36":0.9557197094,"37":0.9537334442,"38":0.9576606154,"39":0.9562684298,"40":0.9624356031,"41":0.9623069763,"42":0.9643803835,"43":0.9649250507,"44":0.9626310468,"45":0.9656581283,"46":0.9663308263,"47":0.9686259031,"48":0.9663408995,"49":0.9650207162,"50":0.9688857198,"51":0.9675129056,"52":0.9713526964,"53":0.9692134857,"54":0.968310535,"55":0.9686041474,"56":0.9695587158,"57":0.9671254754,"58":0.9732911587,"59":0.9712477922,"60":0.9705424905,"61":0.9721930027,"62":0.9740899205,"63":0.9739052653,"64":0.9707078338,"65":0.9710620642,"66":0.9754795432,"67":0.9734851718,"68":0.9734550714,"69":0.9720329642,"70":0.9721486568,"71":0.9745063782,"72":0.9758758545,"73":0.9757640362,"74":0.9752378464,"75":0.9755898714,"76":0.9753245711,"77":0.9771202207,"78":0.9801000357,"79":0.9766328931,"80":0.9759918451,"81":0.9762694836,"82":0.9759231806,"83":0.9767770767,"84":0.9754344225,"85":0.9786576629,"86":0.9791882634,"87":0.9748417139,"88":0.9767673612,"89":0.9772314429,"90":0.9770188332,"91":0.9763726592,"92":0.9782910347,"93":0.981376946,"94":0.9784839153,"95":0.9778708816,"96":0.9800902009,"97":0.9783611894,"98":0.9796948433,"99":0.9783023},"f1_score":{"0":0.7035571933,"1":0.7640891671,"2":0.8135325313,"3":0.8201680183,"4":0.8150745034,"5":0.8074865937,"6":0.8007054329,"7":0.8144795895,"8":0.8389903903,"9":0.8237378001,"10":0.8366464376,"11":0.8430033922,"12":0.8366464376,"13":0.8414738178,"14":0.8549222946,"15":0.8539897799,"16":0.8634812236,"17":0.8529155254,"18":0.8525695205,"19":0.8588743806,"20":0.8678600192,"21":0.8782978058,"22":0.8725737333,"23":0.8683091998,"24":0.8824034333,"25":0.8598130345,"26":0.8853287697,"27":0.8730963469,"28":0.8823030591,"29":0.8783783317,"30":0.8840335608,"31":0.8838382959,"32":0.883681953,"33":0.8953191042,"34":0.8975852728,"35":0.8864774108,"36":0.8847456574,"37":0.8872303963,"38":0.8915054202,"39":0.8870430589,"40":0.8990824819,"41":0.8957982659,"42":0.9055973291,"43":0.8931552172,"44":0.8870292306,"45":0.9049999714,"46":0.9066886306,"47":0.9005058408,"48":0.9095435143,"49":0.9018301964,"50":0.9068219066,"51":0.9089403152,"52":0.9051580429,"53":0.9077305794,"54":0.9018960595,"55":0.9042464495,"56":0.9119600058,"57":0.8946057558,"58":0.9114970565,"59":0.9084858298,"60":0.9092408419,"61":0.9152262807,"62":0.909991622,"63":0.9128288627,"64":0.9071486592,"65":0.9132947326,"66":0.9107437134,"67":0.912541151,"68":0.9066886306,"69":0.9102772474,"70":0.9083400965,"71":0.9143327475,"72":0.9165302515,"73":0.9226973057,"74":0.9123966098,"75":0.9204265475,"76":0.917008996,"77":0.9195401669,"78":0.9303848743,"79":0.9146140218,"80":0.9173552394,"81":0.9104354382,"82":0.9214402437,"83":0.9163933396,"84":0.9152262807,"85":0.9253485799,"86":0.9215685129,"87":0.9123669267,"88":0.9204265475,"89":0.9183005691,"90":0.9213299751,"91":0.9185667634,"92":0.9185184836,"93":0.9361701608,"94":0.921824038,"95":0.9218106866,"96":0.9228242636,"97":0.9264705777,"98":0.9264705777,"99":0.9260763526},"loss":{"0":0.6436460018,"1":0.562240839,"2":0.5018507242,"3":0.4629511833,"4":0.4381515086,"5":0.4338242114,"6":0.4128963351,"7":0.3962158859,"8":0.3890683055,"9":0.3882072568,"10":0.3784404099,"11":0.3813317418,"12":0.37279585,"13":0.3681799173,"14":0.3571445048,"15":0.3561646342,"16":0.35367015,"17":0.350772351,"18":0.3509295285,"19":0.3410600126,"20":0.3401347995,"21":0.3271142244,"22":0.3348613679,"23":0.332421124,"24":0.31977579,"25":0.3314973712,"26":0.3183205426,"27":0.3177770078,"28":0.3202397823,"29":0.3124487698,"30":0.311961472,"31":0.3059812188,"32":0.3128465116,"33":0.2929629385,"34":0.2974452078,"35":0.3045535088,"36":0.298825562,"37":0.3041172028,"38":0.2980996072,"39":0.2997932732,"40":0.2875558436,"41":0.2849915028,"42":0.2822547257,"43":0.2792416215,"44":0.2864191532,"45":0.2758043408,"46":0.2758217454,"47":0.2710238099,"48":0.2738769352,"49":0.2782202959,"50":0.2705532312,"51":0.271029532,"52":0.2628097832,"53":0.2667286396,"54":0.2673300207,"55":0.2667352855,"56":0.2635513246,"57":0.2700899243,"58":0.2575539052,"59":0.2592321038,"60":0.2597466707,"61":0.2562288344,"62":0.2531876564,"63":0.2541424334,"64":0.2617696524,"65":0.2565119565,"66":0.2465284914,"67":0.2531230748,"68":0.2529672086,"69":0.2524928749,"70":0.2511079907,"71":0.2473567277,"72":0.2480924278,"73":0.2410944849,"74":0.2450138181,"75":0.2431213409,"76":0.2449885309,"77":0.2391440421,"78":0.2327813506,"79":0.2404906899,"80":0.2388783097,"81":0.2403971106,"82":0.2413016558,"83":0.2365914434,"84":0.2421906739,"85":0.2322544307,"86":0.2291939855,"87":0.2403776795,"88":0.2372561097,"89":0.2341302335,"90":0.2358384877,"91":0.2402029186,"92":0.2319518328,"93":0.2235302478,"94":0.230818525,"95":0.2325484008,"96":0.2255514115,"97":0.2282815725,"98":0.2304927856,"99":0.2299563289},"val_accuracy":{"0":0.2786885202,"1":0.2786885202,"2":0.2786885202,"3":0.2786885202,"4":0.2786885202,"5":0.2786885202,"6":0.2786885202,"7":0.2896174788,"8":0.5300546288,"9":0.7158470154,"10":0.7377049327,"11":0.5901639462,"12":0.7486338615,"13":0.7158470154,"14":0.6830601096,"15":0.7377049327,"16":0.7486338615,"17":0.6830601096,"18":0.7431694269,"19":0.7978141904,"20":0.7650273442,"21":0.7650273442,"22":0.7486338615,"23":0.7704917789,"24":0.7377049327,"25":0.7377049327,"26":0.72131145,"27":0.7704917789,"28":0.7704917789,"29":0.7759562731,"30":0.7267759442,"31":0.7978141904,"32":0.7704917789,"33":0.7704917789,"34":0.7704917789,"35":0.7322404385,"36":0.7814207673,"37":0.72131145,"38":0.6775956154,"39":0.7978141904,"40":0.7704917789,"41":0.7868852615,"42":0.7704917789,"43":0.7759562731,"44":0.7431694269,"45":0.8087431788,