{"accuracy":{"0":0.7729195952,"1":0.7940761447,"2":0.7983074784,"3":0.8138222694,"4":0.8476727605,"5":0.8603667021,"6":0.8490832448,"7":0.8645980358,"8":0.8589562774,"9":0.8575458527,"10":0.8688293099,"11":0.8660084605,"12":0.8730606437,"13":0.8801128268,"14":0.8857545853,"15":0.8829337358,"16":0.8815232515,"17":0.8843441606,"18":0.8801128268,"19":0.8885754347,"20":0.8984485269,"21":0.8857545853,"22":0.8758815527,"23":0.8843441606,"24":0.8913963437,"25":0.8857545853,"26":0.8744710684,"27":0.88716501,"28":0.8998589516},"auc":{"0":0.8382950425,"1":0.8750967979,"2":0.8781960607,"3":0.8969575167,"4":0.9128025174,"5":0.9250121117,"6":0.9276478887,"7":0.9410361052,"8":0.9409117699,"9":0.9422585964,"10":0.9439912438,"11":0.9430443645,"12":0.9503622651,"13":0.9505928755,"14":0.9541577697,"15":0.9539817572,"16":0.9525932074,"17":0.9577236772,"18":0.955579102,"19":0.9570632577,"20":0.961258769,"21":0.9560716152,"22":0.9561620355,"23":0.9590415955,"24":0.9621061087,"25":0.9575147629,"26":0.9580678344,"27":0.9634727836,"28":0.9651806951},"loss":{"0":0.5567287207,"1":0.4658662379,"2":0.4510435164,"3":0.4246909618,"4":0.4010291398,"5":0.3812514544,"6":0.3706805706,"7":0.3525992036,"8":0.342022419,"9":0.3501189053,"10":0.3342902958,"11":0.3412179351,"12":0.318097055,"13":0.3166730106,"14":0.3103320599,"15":0.3083542287,"16":0.3131980598,"17":0.2965652943,"18":0.2990624011,"19":0.2993269563,"20":0.2838023007,"21":0.2967223823,"22":0.3032673895,"23":0.2863376439,"24":0.2797065675,"25":0.2954671979,"26":0.292458117,"27":0.2770705223,"28":0.2738948464},"val_accuracy":{"0":0.2369942218,"1":0.2369942218,"2":0.2369942218,"3":0.2369942218,"4":0.2369942218,"5":0.2369942218,"6":0.2369942218,"7":0.2890173495,"8":0.2369942218,"9":0.7630057931,"10":0.7630057931,"11":0.5838150382,"12":0.7456647158,"13":0.8612716794,"14":0.6647399068,"15":0.2369942218,"16":0.8670520186,"17":0.8208092451,"18":0.8901734352,"19":0.6473988295,"20":0.4797687829,"21":0.7630057931,"22":0.7630057931,"23":0.8843930364,"24":0.9017341137,"25":0.7630057931,"26":0.8554913402,"27":0.7687861323,"28":0.8323699236},"val_auc":{"0":0.2369942069,"1":0.2353235781,"2":0.2369942069,"3":0.3526679575,"4":0.2566407025,"5":0.2940626144,"6":0.2540345192,"7":0.3858130872,"8":0.2436098605,"9":0.9023020267,"10":0.9067459702,"11":0.6394466758,"12":0.8227137327,"13":0.9396572113,"14":0.7495238185,"15":0.2728457153,"16":0.9284473658,"17":0.8973236084,"18":0.9607070684,"19":0.719920516,"20":0.4978449047,"21":0.9181729555,"22":0.8701259494,"23":0.94770962,"24":0.9602392912,"25":0.8209429383,"26":0.9176383615,"27":0.9215810299,"28":0.9312039018},"val_loss":{"0":17.5821666718,"1":5.2321982384,"2":6.9977517128,"3":2.50912714,"4":5.1335158348,"5":4.6906657219,"6":5.4432039261,"7":1.5519099236,"8":5.8061347008,"9":0.4946918488,"10":0.5686041117,"11":0.7436906099,"12":0.5189882517,"13":0.3140842617,"14":0.6731183529,"15":5.2612085342,"16":0.3750694692,"17":0.445376277,"18":0.2826605737,"19":0.6366193295,"20":1.5824322701,"21":0.5685498714,"22":0.612439096,"23":0.2981502414,"24":0.2842307091,"25":1.4235450029,"26":0.3671334982,"27":0.5119680166,"28":0.3430510461}}