{"accuracy":{"0":0.3333333433,"1":0.6964539289,"2":0.7773049474,"3":0.7773049474,"4":0.7787234187,"5":0.7985815406,"6":0.8000000119,"7":0.7985815406,"8":0.7829787135,"9":0.8099290729,"10":0.8170212507,"11":0.8297872543,"12":0.8241134882,"13":0.8269503713,"14":0.8397163153,"15":0.8312056661,"16":0.8453900814,"17":0.8482269645,"18":0.8539007306,"19":0.8496453762,"20":0.8553191423,"21":0.8368794322,"22":0.8652482033,"23":0.8581560254,"24":0.8553191423,"25":0.8553191423,"26":0.8581560254,"27":0.8553191423,"28":0.8567376137,"29":0.8638297915,"30":0.8595744967,"31":0.8751773238,"32":0.8794326186,"33":0.8794326186,"34":0.8709219694,"35":0.8652482033,"36":0.8709219694,"37":0.8709219694,"38":0.8737588525,"39":0.8794326186,"40":0.8695035577,"41":0.8907801509,"42":0.8879432678},"auc":{"0":0.3116583824,"1":0.7590725422,"2":0.8448519111,"3":0.8585393429,"4":0.8626276255,"5":0.8713917732,"6":0.8779950738,"7":0.8823328614,"8":0.8654876947,"9":0.8828982711,"10":0.8929148316,"11":0.9050923586,"12":0.9074916244,"13":0.9104059339,"14":0.9087530971,"15":0.9174891114,"16":0.9240028262,"17":0.9279029965,"18":0.9330828786,"19":0.929929018,"20":0.9339972734,"21":0.9283415675,"22":0.9399940372,"23":0.9395885468,"24":0.9372366071,"25":0.9408984184,"26":0.9415743351,"27":0.9371439815,"28":0.9438670874,"29":0.9473366737,"30":0.9450611472,"31":0.9493265152,"32":0.9480277896,"33":0.9517166615,"34":0.9504793882,"35":0.9484019876,"36":0.9510980844,"37":0.9475729465,"38":0.9524641633,"39":0.953594923,"40":0.951692462,"41":0.9638690352,"42":0.9583029151},"loss":{"0":0.8353238702,"1":0.6285208464,"2":0.5732643604,"3":0.5461807251,"4":0.5330855846,"5":0.5194348097,"6":0.5015444756,"7":0.4891211092,"8":0.5245312452,"9":0.4881444573,"10":0.4707528055,"11":0.4541884959,"12":0.4426243603,"13":0.4362920523,"14":0.4536260068,"15":0.4313445091,"16":0.4138954878,"17":0.4090770483,"18":0.3968546093,"19":0.3989781141,"20":0.3887153864,"21":0.3979507387,"22":0.3771992028,"23":0.3843497932,"24":0.3793261051,"25":0.3719154,"26":0.3709826767,"27":0.3814077377,"28":0.3633620143,"29":0.3540938199,"30":0.3571475148,"31":0.3443882167,"32":0.3518776596,"33":0.3387282193,"34":0.3388123214,"35":0.3490896523,"36":0.3378795087,"37":0.3417637348,"38":0.3308838308,"39":0.3260009587,"40":0.3315101266,"41":0.3123687208,"42":0.3152124882},"val_accuracy":{"0":0.2598870099,"1":0.2598870099,"2":0.2598870099,"3":0.2598870099,"4":0.2598870099,"5":0.4067796469,"6":0.5706214905,"7":0.2598870099,"8":0.2768361568,"9":0.3502824903,"10":0.4576271176,"11":0.8022598624,"12":0.8022598624,"13":0.2598870099,"14":0.451977402,"15":0.8305084705,"16":0.6101694703,"17":0.7344632745,"18":0.8587570786,"19":0.8531073332,"20":0.2768361568,"21":0.8192090392,"22":0.2598870099,"23":0.8531073332,"24":0.2598870099,"25":0.2598870099,"26":0.2655367255,"27":0.2598870099,"28":0.2711864412,"29":0.2598870099,"30":0.8474576473,"31":0.2598870099,"32":0.8531073332,"33":0.7231638432,"34":0.2598870099,"35":0.8248587847,"36":0.4915254116,"37":0.8418079019,"38":0.87005651,"39":0.694915235,"40":0.3333333433,"41":0.8587570786,"42":0.6271186471},"val_auc":{"0":0.2598869801,"1":0.2792301178,"2":0.3634651899,"3":0.3640397191,"4":0.3749242127,"5":0.4336876571,"6":0.6084299088,"7":0.3381212354,"8":0.3806377649,"9":0.4113122225,"10":0.4908231795,"11":0.8928309083,"12":0.8899581432,"13":0.3728813827,"14":0.4738900363,"15":0.9076095819,"16":0.6215327382,"17":0.8166235685,"18":0.9319959283,"19":0.9295541048,"20":0.3919531703,"21":0.9226595759,"22":0.3920967877,"23":0.9452104568,"24":0.3698171079,"25":0.2613552809,"26":0.3604328334,"27":0.3734558821,"28":0.4132592976,"29":0.3705831766,"30":0.9119824767,"31":0.2760381699,"32":0.9457850456,"33":0.7989084721,"34":0.3348973989,"35":0.9297456145,"36":0.5651632547,"37":0.9333205223,"38":0.9452903271,"39":0.7693192363,"40":0.4248140454,"41":0.9430240393,"42":0.6705607772},"val_loss":{"0":5.9244647026,"1":4.5820846558,"2":2.4301216602,"3":1.5274804831,"4":1.2995070219,"5":0.7653835416,"6":0.6735354662,"7":3.6956372261,"8":1.5143405199,"9":0.9928697348,"10":0.8069478869,"11":0.5234311223,"12":0.5215482116,"13":2.1038053036,"14":0.8189172149,"15":0.4692489207,"16":0.6909339428,"17":0.5532966852,"18":0.4403191209,"19":0.4148183167,"20":1.8483867645,"21":0.414722085,"22":1.9253473282,"23":0.35720402,"24":3.3072674274,"25":7.8522334099,"26":3.2164227962,"27":3.3923888206,"28":2.0171144009,"29":3.1802971363,"30":0.4198911488,"31":6.2237319946,"32":0.3156092763,"33":0.544685781,"34":4.5456662178,"35":0.3420126438,"36":0.9726341963,"37":0.3451880217,"38":0.3683196306,"39":0.5856188536,"40":1.747166872,"41":0.3464865685,"42":0.8218393922}}