{"accuracy":{"0":0.7709814906,"1":0.7908961773,"2":0.8051208854,"3":0.8150782585,"4":0.8378378153,"5":0.846372664,"6":0.8591749668,"7":0.8492176533,"8":0.857752502,"9":0.8648648858,"10":0.8847795129,"11":0.8748221993,"12":0.8733997345,"13":0.8876244426,"14":0.8748221993,"15":0.889046967,"16":0.8719772696,"17":0.8733997345,"18":0.8847795129,"19":0.877667129,"20":0.8933143616,"21":0.8933143616,"22":0.9004267454,"23":0.889046967,"24":0.889046967,"25":0.8876244426,"26":0.90469414,"27":0.8933143616,"28":0.8904694319,"29":0.8990042806,"30":0.8990042806,"31":0.9018492103,"32":0.9018492103,"33":0.9089615941,"34":0.8918918967,"35":0.9075391293,"36":0.9174964428,"37":0.9032716751,"38":0.9075391293,"39":0.8990042806,"40":0.9132290483,"41":0.9032716751,"42":0.9132290483},"auc":{"0":0.8530824184,"1":0.8784634471,"2":0.891395092,"3":0.9064333439,"4":0.9204313755,"5":0.9265350699,"6":0.9333934784,"7":0.9339510202,"8":0.9342475533,"9":0.9451002479,"10":0.9501031041,"11":0.9517259002,"12":0.9518615007,"13":0.9548924565,"14":0.9559893012,"15":0.9562229514,"16":0.952804327,"17":0.9529641867,"18":0.954459548,"19":0.9568907022,"20":0.961248219,"21":0.9623286128,"22":0.9636327624,"23":0.9603053331,"24":0.9578973055,"25":0.9651332498,"26":0.9628973007,"27":0.9618127942,"28":0.9628062248,"29":0.9675450921,"30":0.9657027125,"31":0.9694197774,"32":0.9687409997,"33":0.9706187248,"34":0.966729641,"35":0.9710729122,"36":0.9723234773,"37":0.9683190584,"38":0.9729629159,"39":0.969889164,"40":0.9717103243,"41":0.9727909565,"42":0.9731904864},"loss":{"0":0.5248891115,"1":0.4651209116,"2":0.434838891,"3":0.4105738103,"4":0.3857253492,"5":0.372117877,"6":0.3634360135,"7":0.3584134877,"8":0.3544100225,"9":0.3325943649,"10":0.3205580413,"11":0.3163368106,"12":0.3130290508,"13":0.3087050915,"14":0.3036614954,"15":0.3006573021,"16":0.3070884645,"17":0.3069346845,"18":0.3021973073,"19":0.2924745977,"20":0.2848090827,"21":0.27936396,"22":0.2784464955,"23":0.2805376947,"24":0.2900967896,"25":0.2750295103,"26":0.2748914063,"27":0.2770961821,"28":0.2732650638,"29":0.2657084763,"30":0.2672491074,"31":0.2541567981,"32":0.2556270957,"33":0.2519393563,"34":0.2596544027,"35":0.2485041767,"36":0.2432698607,"37":0.2518953383,"38":0.2451365292,"39":0.2491554022,"40":0.2451727539,"41":0.2391543388,"42":0.2399776876},"val_accuracy":{"0":0.2290502787,"1":0.2290502787,"2":0.2290502787,"3":0.2290502787,"4":0.2290502787,"5":0.2290502787,"6":0.2290502787,"7":0.8100558519,"8":0.452513963,"9":0.3240223527,"10":0.5474860072,"11":0.7988826632,"12":0.8324022293,"13":0.4413407743,"14":0.8324022293,"15":0.843575418,"16":0.78212291,"17":0.7765362859,"18":0.843575418,"19":0.8156424761,"20":0.8212290406,"21":0.8044692874,"22":0.5251396894,"23":0.2290502787,"24":0.8547486067,"25":0.8491619825,"26":0.8100558519,"27":0.7877094746,"28":0.2290502787,"29":0.8659217954,"30":0.8491619825,"31":0.8379888535,"32":0.8659217954,"33":0.6536312699,"34":0.7988826632,"35":0.843575418,"36":0.7709497213,"37":0.6089385748,"38":0.8156424761,"39":0.843575418,"40":0.8156424761,"41":0.8324022293,"42":0.8659217954},"val_auc":{"0":0.2290502787,"1":0.2290502787,"2":0.2290502787,"3":0.2290502787,"4":0.2290502787,"5":0.236727953,"6":0.2913142443,"7":0.8817296624,"8":0.4527948797,"9":0.3560126126,"10":0.5590492487,"11":0.87506634,"12":0.9180425406,"13":0.4697731137,"14":0.9034987092,"15":0.9281232953,"16":0.896694839,"17":0.9097719193,"18":0.93811059,"19":0.9159046412,"20":0.9138915539,"21":0.8796386719,"22":0.5553665161,"23":0.2520832419,"24":0.9269530177,"25":0.9439780712,"26":0.8504415751,"27":0.8391436934,"28":0.3444961309,"29":0.9451016188,"30":0.931353569,"31":0.928778708,"32":0.951780498,"33":0.7498984933,"34":0.8771105409,"35":0.9342717528,"36":0.8575418591,"37":0.6702193618,"38":0.9264223576,"39":0.9367684722,"40":0.9234105945,"41":0.9158576727,"42":0.9416216016},"val_loss":{"0":7.4523777962,"1":12.5972156525,"2":7.3258023262,"3":8.1259422302,"4":8.1153554916,"5":5.4604568481,"6":4.2772102356,"7":0.4650027454,"8":1.0506240129,"9":1.6397399902,"10":0.9325476289,"11":0.4415260255,"12":0.3721675873,"13":1.2653082609,"14":0.4038110375,"15":0.3633289039,"16":0.7057852149,"17":0.5781908035,"18":0.3192012608,"19":0.3848542869,"20":0.3796026111,"21":0.4333334863,"22":1.1367125511,"23":5.8948764801,"24":0.369453311,"25":0.3454894722,"26":0.4803015888,"27":0.5027078986,"28":2.9290027618,"29":0.3041532636,"30":0.3525486588,"31":0.406752646,"32":0.2924141586,"33":0.5950167179,"34":0.4467092454,"35":0.3341830373,"36":0.4805031121,"37":0.8420545459,"38":0.4097490013,"39":0.3474502563,"40":0.4476854503,"41":0.3687834144,"42":0.3267604411}}