{"accuracy":{"0":0.7535410523,"1":0.7974504232,"2":0.8328611851,"3":0.8441926241,"4":0.8456090689,"5":0.865439117,"6":0.8583569527,"7":0.8626062274,"8":0.8668555021,"9":0.8611897826,"10":0.8512747884,"11":0.8668555021,"12":0.8796033859,"13":0.8696883917,"14":0.8711048365,"15":0.8753541112,"16":0.8866855502,"17":0.8696883917,"18":0.8753541112,"19":0.8937677145,"20":0.8753541112,"21":0.8796033859,"22":0.8909348249,"23":0.8838527203,"24":0.8824362755,"25":0.8781869411,"26":0.888101995,"27":0.8838527203,"28":0.8895184398,"29":0.8937677145,"30":0.8923512697,"31":0.8909348249},"auc":{"0":0.8459169865,"1":0.8689610958,"2":0.9042555094,"3":0.9235669374,"4":0.9322239757,"5":0.9412512183,"6":0.9421890974,"7":0.9455295801,"8":0.9492733479,"9":0.930041194,"10":0.9422864318,"11":0.9473974705,"12":0.9513588548,"13":0.9552299976,"14":0.9515945911,"15":0.953497529,"16":0.9521442652,"17":0.9444602728,"18":0.9549952149,"19":0.9614374042,"20":0.9571629763,"21":0.9577477574,"22":0.9643706083,"23":0.9596276879,"24":0.9558980465,"25":0.9599668384,"26":0.9650357366,"27":0.9588522315,"28":0.9618425965,"29":0.9659625888,"30":0.9682496786,"31":0.9642611146},"loss":{"0":0.5125895143,"1":0.4669376314,"2":0.4231529832,"3":0.3881513476,"4":0.3696047366,"5":0.3484786749,"6":0.3416659534,"7":0.337400347,"8":0.3256709576,"9":0.3644978106,"10":0.3514530659,"11":0.3275674582,"12":0.3222543597,"13":0.3093448281,"14":0.3226752281,"15":0.3165489435,"16":0.3085832298,"17":0.3374103606,"18":0.3112215996,"19":0.2974361479,"20":0.3028310239,"21":0.295737952,"22":0.2843037248,"23":0.2895189524,"24":0.2977650762,"25":0.2874917984,"26":0.274510473,"27":0.2869008183,"28":0.2854475379,"29":0.2776761353,"30":0.2682305872,"31":0.272523284},"val_accuracy":{"0":0.1704545468,"1":0.1704545468,"2":0.1704545468,"3":0.1704545468,"4":0.1704545468,"5":0.1704545468,"6":0.1988636404,"7":0.8125,"8":0.8295454383,"9":0.1704545468,"10":0.2386363596,"11":0.7784090638,"12":0.8295454383,"13":0.8295454383,"14":0.8693181872,"15":0.8522727489,"16":0.8295454383,"17":0.7954545617,"18":0.3522727191,"19":0.8465909362,"20":0.8409090638,"21":0.8522727489,"22":0.8295454383,"23":0.8068181872,"24":0.8295454383,"25":0.8295454383,"26":0.8352272511,"27":0.8295454383,"28":0.8465909362,"29":0.8295454383,"30":0.8465909362,"31":0.8409090638},"val_auc":{"0":0.1704545468,"1":0.1704545468,"2":0.1704545468,"3":0.1704545468,"4":0.1782024801,"5":0.2308561504,"6":0.2340198755,"7":0.9173553586,"8":0.9342071414,"9":0.1704545468,"10":0.2740024328,"11":0.8827802539,"12":0.8821991086,"13":0.9260718226,"14":0.9397275448,"15":0.9365799427,"16":0.8295454383,"17":0.8818762302,"18":0.3673489392,"19":0.9127873182,"20":0.940566957,"21":0.9454254508,"22":0.9373709559,"23":0.9096720219,"24":0.9283316135,"25":0.8436854482,"26":0.9365637898,"27":0.9297198057,"28":0.9313662052,"29":0.9246513844,"30":0.9263945818,"31":0.9421486855},"val_loss":{"0":18.3059043884,"1":12.2033395767,"2":9.6617956161,"3":12.3499031067,"4":5.9839229584,"5":3.5573720932,"6":2.0741024017,"7":0.3754677773,"8":0.5057703257,"9":9.5535697937,"10":1.8604384661,"11":0.5348148346,"12":0.9022951722,"13":0.6552302837,"14":0.3141416311,"15":0.3412255049,"16":1.9668024778,"17":0.4723341167,"18":1.5139957666,"19":0.3858374357,"20":0.319732219,"21":0.3544968367,"22":0.4001408517,"23":0.3795081973,"24":0.6147580743,"25":1.1299544573,"26":0.327903837,"27":0.6664415002,"28":0.3545705974,"29":0.700138092,"30":0.3938766718,"31":0.3549650908}}