{"accuracy":{"0":0.7815603018,"1":0.8099290729,"2":0.8241134882,"3":0.841134727,"4":0.8368794322,"5":0.8695035577,"6":0.8680850863,"7":0.8723404408,"8":0.8567376137,"9":0.8780142069,"10":0.8709219694,"11":0.8709219694,"12":0.8723404408,"13":0.8851063848,"14":0.8695035577,"15":0.883687973,"16":0.8851063848,"17":0.883687973,"18":0.8581560254,"19":0.8780142069,"20":0.8765957355,"21":0.8794326186,"22":0.8822695017,"23":0.883687973,"24":0.8794326186,"25":0.8950354457,"26":0.8907801509,"27":0.8851063848,"28":0.8921985626,"29":0.8822695017,"30":0.8950354457,"31":0.8907801509,"32":0.9007092118},"auc":{"0":0.8541290164,"1":0.8880730271,"2":0.9118656516,"3":0.9217534065,"4":0.9284051061,"5":0.9379427433,"6":0.9411860704,"7":0.9472893476,"8":0.9421437979,"9":0.9477138519,"10":0.945905149,"11":0.9503888488,"12":0.9475831389,"13":0.9544450045,"14":0.9483959675,"15":0.9576208591,"16":0.9565554857,"17":0.9540244341,"18":0.9524933696,"19":0.9545827508,"20":0.9562758207,"21":0.957759738,"22":0.959125936,"23":0.9600815177,"24":0.957446754,"25":0.9637563825,"26":0.9637724757,"27":0.9612876773,"28":0.9635782838,"29":0.9621126056,"30":0.9638488889,"31":0.9593300223,"32":0.9642876387},"loss":{"0":0.5093635917,"1":0.4532707036,"2":0.4181483388,"3":0.3947870433,"4":0.394033879,"5":0.3622510135,"6":0.3512390256,"7":0.3408696353,"8":0.3428432047,"9":0.3351205289,"10":0.3333047628,"11":0.3249284327,"12":0.3298277855,"13":0.3222251832,"14":0.3221681416,"15":0.3068941236,"16":0.3082566857,"17":0.3230274916,"18":0.3107144237,"19":0.307346344,"20":0.3031339645,"21":0.3006252944,"22":0.2912479043,"23":0.2927606106,"24":0.2953003943,"25":0.2829705477,"26":0.287830621,"27":0.2924563289,"28":0.2782971263,"29":0.280044198,"30":0.2915621996,"31":0.2888551354,"32":0.280986011},"val_accuracy":{"0":0.2598870099,"1":0.2598870099,"2":0.2598870099,"3":0.2598870099,"4":0.2598870099,"5":0.3050847352,"6":0.2768361568,"7":0.7627118826,"8":0.3898304999,"9":0.7457627058,"10":0.4576271176,"11":0.7401130199,"12":0.7966101766,"13":0.8757061958,"14":0.8022598624,"15":0.7401130199,"16":0.7457627058,"17":0.4915254116,"18":0.2881355882,"19":0.2994350195,"20":0.8418079019,"21":0.836158216,"22":0.8757061958,"23":0.632768333,"24":0.7344632745,"25":0.87005651,"26":0.8531073332,"27":0.8192090392,"28":0.8587570786,"29":0.7457627058,"30":0.7401130199,"31":0.7401130199,"32":0.8248587847},"val_auc":{"0":0.2598869801,"1":0.2598869801,"2":0.3311309218,"3":0.2598869801,"4":0.3448881507,"5":0.4144721925,"6":0.3764563203,"7":0.8891761303,"8":0.464473784,"9":0.8796004057,"10":0.5258386731,"11":0.8266143203,"12":0.8959749937,"13":0.941332221,"14":0.8855214715,"15":0.8908997774,"16":0.8954322338,"17":0.5182738304,"18":0.4115037322,"19":0.4173928201,"20":0.9217977524,"21":0.9247183204,"22":0.9451785684,"23":0.7092310786,"24":0.8609275818,"25":0.9397044182,"26":0.9186697006,"27":0.8972357512,"28":0.9401193857,"29":0.8976985812,"30":0.8941556215,"31":0.8772063851,"32":0.9049921632},"val_loss":{"0":4.886598587,"1":5.0108113289,"2":4.0600585938,"3":10.7513885498,"4":3.9927346706,"5":0.9655145407,"6":1.7303328514,"7":0.465931952,"8":0.9288967848,"9":0.5141853094,"10":0.8545484543,"11":1.3733820915,"12":0.4156787395,"13":0.3755750358,"14":0.4414644539,"15":0.5531502366,"16":0.5387027264,"17":0.8747798204,"18":1.6923969984,"19":1.3939839602,"20":0.3561489582,"21":0.393928498,"22":0.3353317976,"23":0.6694914103,"24":0.466404587,"25":0.3332699239,"26":0.3750328422,"27":0.4112518132,"28":0.3570403755,"29":0.6187133193,"30":0.929903388,"31":1.1749985218,"32":0.4107263386}}