{"accuracy":{"0":0.7615062594,"1":0.7615062594,"2":0.7615062594,"3":0.7615062594,"4":0.7629009485,"5":0.7656903863,"6":0.7656903863,"7":0.7684797645,"8":0.7712692022,"9":0.7629009485,"10":0.7726638913,"11":0.7782427073,"12":0.7852161527,"13":0.7852161527,"14":0.7880055904,"15":0.7921896577,"16":0.7935844064,"17":0.7991631627,"18":0.7935844064,"19":0.8047419786,"20":0.8172942996,"21":0.8145048618,"22":0.8131101727,"23":0.8089261055,"24":0.8117154837,"25":0.8326359987,"26":0.8256624937,"27":0.8186889887,"28":0.8312413096,"29":0.8396095037,"30":0.8423988819,"31":0.843793571,"32":0.8451882601,"33":0.8410041928,"34":0.8410041928,"35":0.8396095037,"36":0.850767076,"37":0.8605299592,"38":0.8493723869,"39":0.8661087751,"40":0.850767076,"41":0.8675034642,"42":0.8661087751,"43":0.8605299592,"44":0.863319397,"45":0.857740581,"46":0.863319397,"47":0.856345892,"48":0.8730822802,"49":0.863319397,"50":0.8675034642,"51":0.8591352701,"52":0.8786610961,"53":0.8675034642,"54":0.8591352701,"55":0.8647140861,"56":0.870292902,"57":0.8675034642,"58":0.870292902,"59":0.884239912,"60":0.8856346011,"61":0.8675034642,"62":0.8758716583,"63":0.8786610961,"64":0.8730822802,"65":0.8758716583,"66":0.8744769692,"67":0.8730822802,"68":0.877266407,"69":0.877266407,"70":0.8647140861,"71":0.8800557852,"72":0.8661087751,"73":0.8744769692,"74":0.8814504743,"75":0.8912134171,"76":0.8828451633,"77":0.8786610961,"78":0.8730822802,"79":0.8940027952,"80":0.884239912,"81":0.8898186684,"82":0.8814504743,"83":0.8744769692,"84":0.870292902,"85":0.8926081061,"86":0.8912134171,"87":0.8912134171,"88":0.884239912,"89":0.877266407,"90":0.8940027952,"91":0.8898186684,"92":0.8828451633,"93":0.8884239793,"94":0.8814504743,"95":0.8870292902,"96":0.8967921734,"97":0.8884239793,"98":0.8940027952,"99":0.8814504743,"100":0.8828451633},"auc":{"0":0.7621132135,"1":0.8314377069,"2":0.840829134,"3":0.8464643359,"4":0.8445318341,"5":0.8485097289,"6":0.8512991071,"7":0.8566862941,"8":0.8627173901,"9":0.8618585467,"10":0.8615454435,"11":0.8701187968,"12":0.8726504445,"13":0.8735948205,"14":0.8771078587,"15":0.8799935579,"16":0.8848108649,"17":0.8880952597,"18":0.8896669745,"19":0.8947390318,"20":0.8986498713,"21":0.9017164707,"22":0.9029292464,"23":0.9029428363,"24":0.9063946009,"25":0.9142541289,"26":0.9128808975,"27":0.9153074622,"28":0.9204612374,"29":0.9230803251,"30":0.9249517322,"31":0.9280426502,"32":0.9311082959,"33":0.9316091537,"34":0.9309458137,"35":0.9321956635,"36":0.9318979979,"37":0.9388705492,"38":0.937281251,"39":0.943818152,"40":0.9392595887,"41":0.9427666664,"42":0.9413545132,"43":0.9416541457,"44":0.9479701519,"45":0.9429894686,"46":0.9478408098,"47":0.9444599748,"48":0.9472436309,"49":0.9461562037,"50":0.9503802061,"51":0.9423261285,"52":0.9525023699,"53":0.9499989748,"54":0.9468311667,"55":0.950769186,"56":0.9482880235,"57":0.953625679,"58":0.9520384669,"59":0.9536704421,"60":0.955257833,"61":0.9524479508,"62":0.9566223025,"63":0.9544407129,"64":0.9558500648,"65":0.9547423124,"66":0.9468545318,"67":0.9520228505,"68":0.9580734372,"69":0.9590080976,"70":0.949264586,"71":0.9571883082,"72":0.9499590993,"73":0.9574120641,"74":0.9596645832,"75":0.9555826187,"76":0.9591023922,"77":0.9571358562,"78":0.9478776455,"79":0.9627457857,"80":0.9597939253,"81":0.9615066051,"82":0.9599446654,"83":0.9542617798,"84":0.9556953907,"85":0.9651226997,"86":0.9596169591,"87":0.9600468278,"88":0.9607743025,"89":0.9582290649,"90":0.9644030929,"91":0.962915957,"92":0.9625862837,"93":0.9602432847,"94":0.9597433209,"95":0.9623003006,"96":0.9645178914,"97":0.9622400403,"98":0.9650536776,"99":0.9598757029,"100":0.9657627344},"f1_score":{"0":0.0,"1":0.0,"2":0.0,"3":0.0,"4":0.011627906,"5":0.0561797656,"6":0.0869565085,"7":0.1170212552,"8":0.1182795465,"9":0.1145833135,"10":0.1641025394,"11":0.1761657745,"12":0.2299999744,"13":0.2222221941,"14":0.2897195518,"15":0.325791806,"16":0.3084111512,"17":0.3739129901,"18":0.3333332837,"19":0.3965516686,"20":0.486274451,"21":0.4388185441,"22":0.4552845359,"23":0.431535244,"24":0.4489795268,"25":0.5161289573,"26":0.5247147679,"27":0.4921874702,"28":0.5291827917,"29":0.559386909,"30":0.5767789483,"31":0.5820894837,"32":0.5904058218,"33":0.5714285374,"34":0.574626863,"35":0.559386909,"36":0.6080585122,"37":0.6428571343,"38":0.597014904,"39":0.6571427584,"40":0.6245613098,"41":0.6666666865,"42":0.6595744491,"43":0.6453900337,"44":0.6549295187,"45":0.6506848931,"46":0.6573426127,"47":0.6360423565,"48":0.685121119,"49":0.6573426127,"50":0.6666666865,"51":0.6529209018,"52":0.7109633684,"53":0.6689895391,"54":0.6456139684,"55":0.6689419746,"56":0.6690391302,"57":0.6735394597,"58":0.6889631748,"59":0.7331189513,"60":0.724832058,"61":0.6843852997,"62":0.704318881,"63":0.7166122794,"64":0.689419806,"65":0.7023410201,"66":0.6979865432,"67":0.685121119,"68":0.6986300349,"69":0.7046979666,"70":0.6548041701,"71":0.7114093304,"72":0.6666666269,"73":0.6938774586,"74":0.7194718719,"75":0.7483870387,"76":0.7142856717,"77":0.7050846815,"78":0.705501616,"79":0.7483443022,"80":0.7186440825,"81":0.7357859015,"82":0.7194718719,"83":0.7019867301,"84":0.6847456694,"85":0.7475409508,"86":0.7483870387,"87":0.7364864945,"88":0.7278687954,"89":0.6965516806,"90":0.7548386455,"91":0.7426710129,"92":0.7162160873,"93":0.7278910875,"94":0.7176078558,"95":0.7308969498,"96":0.7612903118,"97":0.735099256,"98":0.7548386455,"99":0.7157189846,"100":0.7254901528},"loss":{"0":0.1237270087,"1":0.1144279987,"2":0.106474258,"3":0.1001614779,"4":0.0973166302,"5":0.0954412818,"6":0.0942772031,"7":0.0926921815,"8":0.0912884101,"9":0.0910330862,"10":0.0907825083,"11":0.0884560272,"12":0.0875601098,"13":0.0871667936,"14":0.0860808492,"15":0.0851937681,"16":0.0837973654,"17":0.0825645998,"18":0.0821381807,"19":0.0808093548,"20":0.0793225467,"21":0.0784490258,"22":0.0780148283,"23":0.0781236142,"24":0.0769307837,"25":0.0744056031,"26":0.0748003647,"27":0.0740470737,"28":0.0721385852,"29":0.0711999387,"30":0.0703149959,"31":0.0697039589,"32":0.0682532042,"33":0.0679716244,"34":0.0678915009,"35":0.0674396902,"36":0.0671430156,"37":0.0654186085,"38":0.065614067,"39":0.0634519234,"40":0.0642810091,"41":0.0635000765,"42":0.0634351671,"43":0.0637032241,"44":0.0610123798,"45":0.0624020696,"46":0.0609516762,"47":0.062164098,"48":0.0610331334,"49":0.0611007772,"50":0.0597851127,"51":0.0620694086,"52":0.0584108941,"53":0.0597472079,"54":0.0602224506,"55":0.0594580472,"56":0.0591553152,"57":0.0581722111,"58":0.058058586,"59":0.0577555485,"60":0.0572838783,"61":0.0579109527,"62":0.0566657744,"63":0.0567372628,"64":0.0566266999,"65":0.0568667464,"66":0.0599202588,"67":0.0576344877,"68":0.0549517125,"69":0.05537536,"70":0.0582727827,"71":0.0558143668,"72":0.0579165481,"73":0.055671528,"74":0.0542015135,"75":0.0560089052,"76":0.0547205396,"77":0.0551801883,"78":0.05928877,"79":0.0533010401,"80":0.0537269562,"81":0.0535215065,"82":0.0535809733,"83":0.0559478551,"84":0.0555331558,"85":0.0520479567,"86":0.0541508608,"87":0.0532732382,"88":0.0531060994,"89":0.0541085489,"90":0.0515172482,"91":0.0525682569,"92":0.0532109998,"93":0.0532770418,"94":0.0535533428,"95":0.0524439029,"96":0.0518224016,"97":0.051812198,"98":0.0515799262,"99":0.0532460921,"100":0.0508081876},"val_accuracy":{"0":0.200000003,"1":0.200000003,"2":0.200000003,"3":0.200000003,"4":0.200000003,"5":0.200000003,"6":0.200000003,"7":0.2848484814,"8":0.6000000238,"9":0.6787878871,"10":0.8424242139,"11":0.8484848738,"12":0.8424242139,"13":0.8000000119,"14":0.8848484755,"15":0.8666666746,"16":0.8545454741,"17":0.8424242139,"18":0.8909090757,"19":0.5393939614,"20":0.8727272749,"21":0.521212101,"22":0.8848484755,"23":0.7757575512,"24":0.5696969628,"25":0.8666666746,"26":0.8787878752,"27":0.8909090757,"28":0.8363636136,"29":0.8787878752,"30":0.9030302763,"31":0.9090909362,"32":0.8848484755,"33":0.896969676,"34":0.8000000119,"35":0.8000000119,"36":0.8848484755,"37":0.8606060743,"38":0.9030302763,"39":0.8545454741,"40":0.8303030133,"41":0.9151515365,"42":0.8000000119,"43":0.8727272749,