{"accuracy":{"0":0.7694483995,"1":0.7694483995,"2":0.7708628178,"3":0.7751060724,"4":0.7821782231,"5":0.7864214778,"6":0.7977369428,"7":0.8048090339,"8":0.8062234521,"9":0.8118811846,"10":0.814710021,"11":0.8048090339,"12":0.8076379299,"13":0.8118811846,"14":0.8274399042,"15":0.8217821717,"16":0.8161244988,"17":0.8288543224,"18":0.8175389171,"19":0.8401697278,"20":0.8189533353,"21":0.8401697278,"22":0.8217821717,"23":0.8472418785,"24":0.8429985642,"25":0.841584146,"26":0.850070715,"27":0.8401697278,"28":0.8514851332,"29":0.8486562967,"30":0.8458274603,"31":0.8486562967,"32":0.8543140292,"33":0.8557284474,"34":0.8613861203,"35":0.8599717021,"36":0.8613861203,"37":0.8613861203,"38":0.8557284474,"39":0.8727015853,"40":0.8670438528,"41":0.8599717021,"42":0.8642150164,"43":0.8642150164,"44":0.8727015853,"45":0.8727015853,"46":0.868458271,"47":0.8628005385,"48":0.8670438528,"49":0.8599717021,"50":0.8670438528,"51":0.868458271,"52":0.8727015853},"auc":{"0":0.780305624,"1":0.8594315052,"2":0.8597345948,"3":0.8657274842,"4":0.8692114949,"5":0.8688554168,"6":0.873100698,"7":0.8781481981,"8":0.8797286153,"9":0.8852954507,"10":0.8871218562,"11":0.8921254873,"12":0.889457643,"13":0.8967418075,"14":0.8991886377,"15":0.8997986913,"16":0.9036849141,"17":0.9034178853,"18":0.9066608548,"19":0.9127357006,"20":0.9101118445,"21":0.9128847718,"22":0.9080291986,"23":0.9214023352,"24":0.9224106073,"25":0.9188035131,"26":0.9204759002,"27":0.926212728,"28":0.9236308932,"29":0.9268189073,"30":0.9311302304,"31":0.9285274148,"32":0.9280392528,"33":0.933570981,"34":0.9357286096,"35":0.9340200424,"36":0.9354515672,"37":0.9394106865,"38":0.9363677502,"39":0.9415053129,"40":0.9404120445,"41":0.934381187,"42":0.9419074059,"43":0.9433810115,"44":0.9453004003,"45":0.9439260364,"46":0.941193223,"47":0.9441031218,"48":0.9428117275,"49":0.93964082,"50":0.9431267977,"51":0.9461437464,"52":0.9439320564},"f1_score":{"0":0.0,"1":0.0,"2":0.0121951196,"3":0.0591715872,"4":0.2222221941,"5":0.2705313563,"6":0.3222748339,"7":0.336538434,"8":0.362790674,"9":0.3696682155,"10":0.4018264711,"11":0.3727272451,"12":0.4086956084,"13":0.4242423475,"14":0.4958676994,"15":0.4793388247,"16":0.4583333135,"17":0.5140561461,"18":0.4734693468,"19":0.5533596277,"20":0.475409776,"21":0.5568627119,"22":0.5039369464,"23":0.5999999642,"24":0.5963635445,"25":0.5820894837,"26":0.610294044,"27":0.5890908241,"28":0.6125460863,"29":0.5931558609,"30":0.6064981222,"31":0.605166018,"32":0.6254544854,"33":0.6277371645,"34":0.6423357129,"35":0.6476867199,"36":0.6423357129,"37":0.6549295187,"38":0.6304346919,"39":0.673913002,"40":0.6736109853,"41":0.6399999261,"42":0.6595744491,"43":0.6643356085,"44":0.6853145957,"45":0.6762589216,"46":0.6713780165,"47":0.6446885467,"48":0.6569342613,"49":0.6399999261,"50":0.6569342613,"51":0.6666666269,"52":0.683098495},"loss":{"0":0.1052998602,"1":0.1010188684,"2":0.0973400101,"3":0.0937447101,"4":0.0909453928,"5":0.0903092995,"6":0.0888445228,"7":0.0870932788,"8":0.0863118023,"9":0.0845306814,"10":0.0837753713,"11":0.0823877603,"12":0.0827885196,"13":0.0809983239,"14":0.0801852345,"15":0.0798017681,"16":0.0785325021,"17":0.0785078034,"18":0.0776774511,"19":0.0761406794,"20":0.0762481615,"21":0.0755319372,"22":0.0769925117,"23":0.074106425,"24":0.0733560994,"25":0.073673442,"26":0.0729827881,"27":0.0719201639,"28":0.0721255317,"29":0.0717915595,"30":0.070577383,"31":0.0707459524,"32":0.0701876879,"33":0.0687040091,"34":0.0679822713,"35":0.0680450723,"36":0.0677645952,"37":0.0671534315,"38":0.0670447126,"39":0.0651426911,"40":0.0655238032,"41":0.0669195801,"42":0.0650644451,"43":0.0642616823,"44":0.0637464821,"45":0.0637851506,"46":0.0647539571,"47":0.0632682517,"48":0.0636538044,"49":0.0647113323,"50":0.0634415001,"51":0.0632256046,"52":0.0629294664},"val_accuracy":{"0":0.2342857122,"1":0.2342857122,"2":0.2342857122,"3":0.2342857122,"4":0.2342857122,"5":0.2342857122,"6":0.2342857122,"7":0.3428571522,"8":0.4057142735,"9":0.582857132,"10":0.5485714078,"11":0.571428597,"12":0.7657142878,"13":0.7657142878,"14":0.8114285469,"15":0.7485714555,"16":0.7657142878,"17":0.7428571582,"18":0.8342857361,"19":0.8228571415,"20":0.8228571415,"21":0.8285714388,"22":0.8057143092,"23":0.7771428823,"24":0.8057143092,"25":0.8171428442,"26":0.8342857361,"27":0.8457142711,"28":0.8000000119,"29":0.8114285469,"30":0.7771428823,"31":0.8000000119,"32":0.8114285469,"33":0.7942857146,"34":0.7771428823,"35":0.7942857146,"36":0.7885714173,"37":0.7657142878,"38":0.8000000119,"39":0.7942857146,"40":0.8000000119,"41":0.7657142878,"42":0.78285712,"43":0.7942857146,"44":0.7942857146,"45":0.78285712,"46":0.7771428823,"47":0.8000000119,"48":0.7657142878,"49":0.8000000119,"50":0.78285712,"51":0.7942857146,"52":0.8000000119},"val_auc":{"0":0.3270204067,"1":0.3261713982,"2":0.3266938925,"3":0.3326694071,"4":0.3363265097,"5":0.3389714062,"6":0.3433795571,"7":0.3743673563,"8":0.4104326367,"9":0.6120326519,"10":0.5959999561,"11":0.6140245199,"12":0.8410285115,"13":0.8566693664,"14":0.8837877512,"15":0.8409796357,"16":0.8463673592,"17":0.8239347339,"18":0.896897912,"19":0.900277555,"20":0.8919183612,"21":0.900783658,"22":0.8929632902,"23":0.8875592351,"24":0.8884245157,"25":0.8962285519,"26":0.9131755233,"27":0.9147754908,"28":0.8959020376,"29":0.9069714546,"30":0.8963755369,"31":0.8986939192,"32":0.9105469584,"33":0.8975021243,"34":0.8917551041,"35":0.8919184208,"36":0.8933551311,"37":0.8883264661,"38":0.902220428,"39":0.8979591727,"40":0.8998530507,"41":0.8957713842,"42":0.8994285464,"43":0.900865376,"44":0.9039019942,"45":0.899232626,"46":0.8947263956,"47":0.9043591022,"48":0.8926694393,"49":0.9060897827,"50":0.9033632278,"51":0.9038040638,"52":0.9035755396},"val_f1_score":{"0":0.3796295822,"1":0.3796295822,"2":0.3796295822,"3":0.3796295822,"4":0.3796295822,"5":0.3796295822,"6":0.373831749,"7":0.4102564156,"8":0.4347825646,"9":0.5100670457,"10":0.4836600721,"11":0.4966442585,"12":0.5773195028,"13":0.5773195028,"14":0.6024096012,"15":0.5686273575,"16":0.6019417048,"17":0.5871559381,"18":0.524590075,"19":0.5079364181,"20":0.474576205,"21":0.6052631736,"22":0.2916666567,"23":0.093023248,"24":0.2916666567,"25":0.6521738768,"26":0.6329113245,"27":0.6399999261,"28":0.2553191185,"29":0.3265305459,"30":0.093023248,"31":0.2553191185,"32":0.3999999762,"33":0.2173912823,"34":0.093023248,"35":0.2173912823,"36":0.1777777523,"37":0.0,"38":0.2553191185,"39":0.2173912823,"40":0.2553191185,"41":0.0,"42":0.1363636106,"43":0.2173912823,"44":0.2173912823,"45":0.1363636106,"46":0.093023248,"47":0.2553191185,"48":0.0,"49":0.2553191185,"50":0.1363636106,"51":0.2173912823,"52":0.2553191185},"val_loss":{"0":0.2070491463,"1":0.380834341,"2":0.5959144235,"3":0.6052364111,"4":0.5977945328,"5":0.3698261678,"6":0.2183074802,"7":0.1803829968,"8":0.1723317355,"9":0.1296697259,"10":0.1331934184,"11":0.1334290504,"12":0.0991063789,"13":0.0962790325,"14":0.0895523354,"15":0.0970906168,"16":0.0960328877,"17":0.0994335264,"18":0.0823264122,"19":0.0814219415,"20":0.0821656361,"21":0.0820284784,"22":0.0827566534,"23":0.0969563052,"24":0.0863811076,"25":0.084186703,"26":0.079158619,"27":0.0765673667,"28":0.0858612582,"29":0.0772054419,"30":0.0975458622,"31":0.0823898837,"32":0.0749662295,"33":0.0891071558,"34":0.1038061008,"35":0.0930974036,"36":0.097287938,"37":0.1284405142,"38":0.0837412551,"39":0.091501832,"40":0.0854026303,"41":0.1481410861,"42":0.1038459092,"43":0.0947378352,"44":0.0862437114,"45":0.1043616682,"46":0.1038389057,"47":0.0847772732,"48":0.1336049438,"49":0.0857964456,"50":0.1009128988,"51":0.0983562469,"52":0.0882253423}}